Boulevard 5 — Cronograma de Entregas (Septiembre en adelante),,,,,,,,,
,,,,,,,,,
Fecha,Día,Semana (Lunes),Hora,Cliente,No. Apartamento,Tipo de Pago,Banco,Estado,Notas
01/09/2026,Martes,31/08/2026,01:30 PM,Antonio Rada Prueba ,306,FHA,Banrural,Confirmada,N/A
01/09/2026,Martes,31/08/2026,,,,,,,
01/09/2026,Martes,31/08/2026,,,,,,,
01/09/2026,Martes,31/08/2026,,,,,,,
02/09/2026,Miércoles,31/08/2026,,,,,,,
02/09/2026,Miércoles,31/08/2026,,,,,,,
02/09/2026,Miércoles,31/08/2026,,,,,,,
02/09/2026,Miércoles,31/08/2026,,,,,,,
03/09/2026,Jueves,31/08/2026,,,,,,,
03/09/2026,Jueves,31/08/2026,,,,,,,
03/09/2026,Jueves,31/08/2026,,,,,,,
03/09/2026,Jueves,31/08/2026,,,,,,,
04/09/2026,Viernes,31/08/2026,,,,,,,
04/09/2026,Viernes,31/08/2026,,,,,,,
04/09/2026,Viernes,31/08/2026,,,,,,,
04/09/2026,Viernes,31/08/2026,,,,,,,
07/09/2026,Lunes,07/09/2026,,,,,,,
07/09/2026,Lunes,07/09/2026,,,,,,,
07/09/2026,Lunes,07/09/2026,,,,,,,
07/09/2026,Lunes,07/09/2026,,,,,,,
08/09/2026,Martes,07/09/2026,,,,,,,
08/09/2026,Martes,07/09/2026,,,,,,,
08/09/2026,Martes,07/09/2026,,,,,,,
08/09/2026,Martes,07/09/2026,,,,,,,
09/09/2026,Miércoles,07/09/2026,,,,,,,
09/09/2026,Miércoles,07/09/2026,,,,,,,
09/09/2026,Miércoles,07/09/2026,,,,,,,
09/09/2026,Miércoles,07/09/2026,,,,,,,
10/09/2026,Jueves,07/09/2026,,,,,,,
10/09/2026,Jueves,07/09/2026,,,,,,,
10/09/2026,Jueves,07/09/2026,,,,,,,
10/09/2026,Jueves,07/09/2026,,,,,,,
11/09/2026,Viernes,07/09/2026,,,,,,,
11/09/2026,Viernes,07/09/2026,,,,,,,
11/09/2026,Viernes,07/09/2026,,,,,,,
11/09/2026,Viernes,07/09/2026,,,,,,,
14/09/2026,Lunes,14/09/2026,,,,,,,
14/09/2026,Lunes,14/09/2026,,,,,,,
14/09/2026,Lunes,14/09/2026,,,,,,,
14/09/2026,Lunes,14/09/2026,,,,,,,
15/09/2026,Martes,14/09/2026,,,,,,,
15/09/2026,Martes,14/09/2026,,,,,,,
15/09/2026,Martes,14/09/2026,,,,,,,
15/09/2026,Martes,14/09/2026,,,,,,,
16/09/2026,Miércoles,14/09/2026,,,,,,,
16/09/2026,Miércoles,14/09/2026,,,,,,,
16/09/2026,Miércoles,14/09/2026,,,,,,,
16/09/2026,Miércoles,14/09/2026,,,,,,,
17/09/2026,Jueves,14/09/2026,,,,,,,
17/09/2026,Jueves,14/09/2026,,,,,,,
17/09/2026,Jueves,14/09/2026,,,,,,,
17/09/2026,Jueves,14/09/2026,,,,,,,
18/09/2026,Viernes,14/09/2026,,,,,,,
18/09/2026,Viernes,14/09/2026,,,,,,,
18/09/2026,Viernes,14/09/2026,,,,,,,
18/09/2026,Viernes,14/09/2026,,,,,,,
21/09/2026,Lunes,21/09/2026,,,,,,,
21/09/2026,Lunes,21/09/2026,,,,,,,
21/09/2026,Lunes,21/09/2026,,,,,,,
21/09/2026,Lunes,21/09/2026,,,,,,,
22/09/2026,Martes,21/09/2026,,,,,,,
22/09/2026,Martes,21/09/2026,,,,,,,
22/09/2026,Martes,21/09/2026,,,,,,,
22/09/2026,Martes,21/09/2026,,,,,,,
23/09/2026,Miércoles,21/09/2026,,,,,,,
23/09/2026,Miércoles,21/09/2026,,,,,,,
23/09/2026,Miércoles,21/09/2026,,,,,,,
23/09/2026,Miércoles,21/09/2026,,,,,,,
24/09/2026,Jueves,21/09/2026,,,,,,,
24/09/2026,Jueves,21/09/2026,,,,,,,
24/09/2026,Jueves,21/09/2026,,,,,,,
24/09/2026,Jueves,21/09/2026,,,,,,,
25/09/2026,Viernes,21/09/2026,,,,,,,
25/09/2026,Viernes,21/09/2026,,,,,,,
25/09/2026,Viernes,21/09/2026,,,,,,,
25/09/2026,Viernes,21/09/2026,,,,,,,
28/09/2026,Lunes,28/09/2026,,,,,,,
28/09/2026,Lunes,28/09/2026,,,,,,,
28/09/2026,Lunes,28/09/2026,,,,,,,
28/09/2026,Lunes,28/09/2026,,,,,,,
29/09/2026,Martes,28/09/2026,,,,,,,
29/09/2026,Martes,28/09/2026,,,,,,,
29/09/2026,Martes,28/09/2026,,,,,,,
29/09/2026,Martes,28/09/2026,,,,,,,
30/09/2026,Miércoles,28/09/2026,,,,,,,
30/09/2026,Miércoles,28/09/2026,,,,,,,
30/09/2026,Miércoles,28/09/2026,,,,,,,
30/09/2026,Miércoles,28/09/2026,,,,,,,