,,,,,,,,,,,,,,,,,,,,,,,,,,,,,,,,,,,,,,,,,,,,,,,,,,,,,,,,,,,,,,,,,,,,,,,,,,,,,,,,,,,,,,,,,,,,,,,,,,,,,,,,,,,,,,,,,,,,,,,,,,,,,,,,,,,,,,,,,,,,,,,,,,,,,,,,,,,,,,,,,,2.5,,,,,,,,,,,,,,,,,,,,,,,,,,,,,,,
,,1,2,3,4,5,6,7,8,9,10,11,12,13,14,15,16,17,18,19,20,19,20,21,22,23,,,,,,,,,,,,,,,,,,,,,,,,,,,,,,,,,,,,,,,,,,13,,,,,,,,,,,17,,,,,,,,,,,05,,,,,,,,,,,07,,,,,,,,,,,21,,,,,,,,,,,25,,,,,,,,,,,29,,,,,,,,,,,34,,,,,,,,,,0.6,,0.3,,0.25,,,1.15,,,,,,,,,,,,,,,,,,,,,,,,,,,,,,,
,REPORTE DE COMISIONES DEL MES DE DICIEMBRE 2025,,,,,,,,Ventas del mes,,,,,,,,,,,,,,,,,,,,OTTO HERRERA,,,,,0.60%,,,,RONALDO O.,,,,,0.50%,,,,ALEK HERNÁNDEZ,,,,,0.30%,,,,SUPERVISOR / ANTONIO R.,,,,,0.25%,,,,,,EFREN SANCHEZ,,,,,,,,,,,FABIOLA ALVAREZ,,,,,,,,,,,ANTONIO RADA,,,,,,,,,,,PAULA HERNÁNDEZ,,,,,PQC,,,,,,PEDRO PABLO SARTI,,,,,,,,,,,JOSÉ GUTIÉRREZ,,,,,OPC.SIMPL,,,,,,RONY RAMÍREZ,,,,,OPC.SIMP,,,,,,GLORIA CANTE,,,,,OPC.SIMP,,,,,AHORRO,,,,,,,,1.35,PUERTA ABIERTA,,,,,2.50%,,,,COMISIÓN TOTAL,,,,,5.00%,,,,,,,,,,,,,,,,
,BOSQUES LAS TAPIAS,,"INVERSIONES DE CASTILLA, S.A. / NIT: 11205889-2",,,,,,,Total de Comisión a distribuir,,,,,,,,,,,,,,,,,,,Fase 1,,"Fase 2, proporcional enganche fraccionado",,,,Fase 3,,,Fase 1,,"Fase 2, proporcional enganche fraccionado",,,,Fase 3,,,Fase 1,,"Fase 2, proporcional enganche fraccionado",,,,Fase 3,,,Fase 1,,"Fase 2, proporcional enganche fraccionado",,,,Fase 3,,,,,Fase 1,,"Fase 2, proporcional enganche fraccionado",,,,Fase 3,,,,,Fase 1,,"Fase 2, proporcional enganche fraccionado",,,,Fase 3,,,,,Fase 1,,"Fase 2, proporcional enganche fraccionado",,,,Fase 3,,,,,Fase 1,,"Fase 2, proporcional enganche fraccionado",,,,Fase 3,,,,,Fase 1,,"Fase 2, proporcional enganche fraccionado",,,,Fase 3,,,,,Fase 1,,"Fase 2, proporcional enganche fraccionado",,,,Fase 3,,,,,Fase 1,,"Fase 2, proporcional enganche fraccionado",,,,Fase 3,,,,,Fase 1,,"Fase 2, proporcional enganche fraccionado",,,,Fase 3,,,,Fase 1,,"Fase 2, proporcional enganche fraccionado",,,,Fase 3,,,Fase 1,,"Fase 2, proporcional enganche fraccionado",,,,Fase 3,,,Fase 1,,"Fase 2, proporcional enganche fraccionado",,,,Fase 3,,,,,,,,,,,,,,,
,,,,,,,,,,GG,GC,GC,SUPER. C.,EV 13,EV 17,EV 05,EV07,EV 21,EV25,EV29,EV34,AHORRO,PUERTA A, TOTAL ,,,,,30%,,30%,,,,40%,,,30%,,30%,,,,40%,,,30%,,30%,,,,40%,,,30%,,30%,,,,40%,,,,,30%,,30%,,,,40%,,,,,30%,,30%,,,,40%,,,,,30%,,30%,,,,40%,,,,,30%,,30%,,,,40%,,,,,30%,,30%,,,,40%,,,,,30%,,30%,,,,40%,,,,,30%,,30%,,,,40%,,,,,30%,,30%,,,,40%,,,,30%,,30%,,,,40%,,,30%,,30%,,,,40%,,,30%,,30%,,,,40%,,,,,,,,,,,,,,,
,No.,ID DEPTO,Nombre de Cliente,FECHA PROMESA,ID VENDEDOR,ESTATUS,Precio de Venta  Con Impuestos (Iva y timbres),Precio de Venta sin Impuestos,Enganche,0.60%,0.50%,0.30%,0.25%,EFREN SANCHEZ,FABIOLA ALVAREZ,ANTONIO RADA,PAULA HERNÁNDEZ,PEDRO PABLO SARTÍ,JOSE GUTIERREZ,RONY RAMÍREZ,GLORIA CANTE,ZZ,2.50%,5.00%,RESERVA COBRADA,CUOTA COBRADA DEL MES,Referido,APLICA,FIRMA PROMESA DE VENTA,,ENGANCHE (RESERVA),,PAGO MENSUAL,,"Firma de Escrituras, y enganche totalmente pagado 40%",,TOTAL SIN IVA,FIRMA PROMESA DE VENTA,,ENGANCHE (RESERVA),,PAGO MENSUAL,,"Firma de Escrituras, y enganche totalmente pagado 40%",,TOTAL SIN IVA,FIRMA PROMESA DE VENTA,,ENGANCHE (RESERVA),,PAGO MENSUAL,,"Firma de Escrituras, y enganche totalmente pagado 40%",,TOTAL SIN IVA,FIRMA PROMESA DE VENTA,,ENGANCHE (RESERVA),,PAGO MENSUAL,,"Firma de Escrituras, y enganche totalmente pagado 40%",,TOTAL SIN IVA,%,T,FIRMA PROMESA DE VENTA,,ENGANCHE (RESERVA),,PAGO MENSUAL,,"Firma de Escrituras, y enganche totalmente pagado 40%",,TOTAL SIN IVA,%,T,FIRMA PROMESA DE VENTA,,ENGANCHE (RESERVA),,PAGO MENSUAL,,"Firma de Escrituras, y enganche totalmente pagado 40%",,TOTAL SIN IVA,%,T,FIRMA PROMESA DE VENTA,,ENGANCHE (RESERVA),,PAGO MENSUAL,,"Firma de Escrituras, y enganche totalmente pagado 40%",,TOTAL SIN IVA,%,T,FIRMA PROMESA DE VENTA,,ENGANCHE (RESERVA),,PAGO MENSUAL,,"Firma de Escrituras, y enganche totalmente pagado 40%",,TOTAL SIN IVA,%,T,FIRMA PROMESA DE VENTA,,ENGANCHE (RESERVA),,PAGO MENSUAL,,"Firma de Escrituras, y enganche totalmente pagado 40%",,TOTAL SIN IVA,%,T,FIRMA PROMESA DE VENTA,,ENGANCHE (RESERVA),,PAGO MENSUAL,,"Firma de Escrituras, y enganche totalmente pagado 40%",,TOTAL SIN IVA,%,T,FIRMA PROMESA DE VENTA,,ENGANCHE (RESERVA),,PAGO MENSUAL,,"Firma de Escrituras, y enganche totalmente pagado 40%",,TOTAL SIN IVA,%,T,FIRMA PROMESA DE VENTA,,ENGANCHE (RESERVA),,PAGO MENSUAL,,"Firma de Escrituras, y enganche totalmente pagado 40%",,TOTAL SIN IVA,%,FIRMA PROMESA DE VENTA,,ENGANCHE (RESERVA),,PAGO MENSUAL,,"Firma de Escrituras, y enganche totalmente pagado 40%",,TOTAL SIN IVA,FIRMA PROMESA DE VENTA,,ENGANCHE (RESERVA),,PAGO MENSUAL,,"Firma de Escrituras, y enganche totalmente pagado 40%",,TOTAL SIN IVA,FIRMA PROMESA DE VENTA,,ENGANCHE (RESERVA),,PAGO MENSUAL,,"Firma de Escrituras, y enganche totalmente pagado 40%",,TOTAL SIN IVA,,a,,,,,,,,,,,
,1,101,Favio Javier Estrada Quiñonez,29/09/25,07,4.Plan de pagos," Q665,200.00 "," Q608,600.18 "," Q46,600.00 "," Q3,651.60 ", Q-   ," Q1,825.80 "," Q1,521.50 ", Q-   , Q-   , Q-   ," Q6,086.00 ", Q-   , Q-   , Q-   , Q-   ," Q2,130.10 "," Q15,215.00 "," Q30,430.01 ",," Q2,000.00 ",, SI ,0, Q-   ,0, Q-   ,1, Q47.02 ,, Q-   , Q47.02 ,0, Q-   ,0, Q-   ,0, Q-   ,, Q-   , Q-   ,0, Q-   ,0, Q-   ,1, Q23.51 ,, Q-   , Q23.51 ,0, Q-   ,0, Q-   ,1, Q19.59 ,, Q-   , Q19.59 ,0.00%, NO ,0, Q-   ,0, Q-   ,1, Q-   ,, Q-   , Q-   ,0.00%, NO ,0, Q-   ,0, Q-   ,1, Q-   ,, Q-   , Q-   ,0.00%, NO ,0, Q-   ,0, Q-   ,1, Q-   ,, Q-   , Q-   ,1.00%, SI ,0, Q-   ,0, Q-   ,1, Q78.36 ,, Q-   , Q78.36 ,0.00%, NO ,0, Q-   ,0, Q-   ,1, Q-   ,, Q-   , Q-   ,0.00%, NO ,0, Q-   ,0, Q-   ,1, Q-   ,, Q-   , Q-   ,0.00%, NO ,0, Q-   ,0, Q-   ,1, Q-   ,, Q-   , Q-   ,0.00%, NO ,0, Q-   ,0, Q-   ,1, Q-   ,, Q-   , Q-   ,0.35%,0, Q-   ,0, Q-   ,1, Q27.43 ,, Q-   , Q27.43 ,0, Q-   ,0, Q-   ,1, Q195.90 ,, Q-   , Q195.90 ,0, Q-   ,0, Q-   ,1, Q391.80 ,, Q-   , Q391.80 , -   ,-Q0.00 ,,,,,,,,,,,
,2,104,Carlos Alfonso Castro Martínez,18/07/25,25,4.Plan de pagos," Q655,200.00 "," Q599,451.05 "," Q46,000.00 "," Q3,596.71 ", Q-   ," Q1,798.35 "," Q1,498.63 ", Q-   , Q-   , Q-   , Q-   , Q-   ," Q5,994.51 ", Q-   , Q-   ," Q2,098.08 "," Q14,986.28 "," Q29,972.55 ",,,, NO ,0, Q-   ,0, Q-   ,0, Q-   ,, Q-   , Q-   ,0, Q-   ,0, Q-   ,0, Q-   ,, Q-   , Q-   ,0, Q-   ,0, Q-   ,0, Q-   ,, Q-   , Q-   ,0, Q-   ,0, Q-   ,0, Q-   ,, Q-   , Q-   ,0.00%, NO ,0, Q-   ,0, Q-   ,0, Q-   ,, Q-   , Q-   ,0.00%, NO ,0, Q-   ,0, Q-   ,0, Q-   ,, Q-   , Q-   ,0.00%, NO ,0, Q-   ,0, Q-   ,0, Q-   ,, Q-   , Q-   ,0.00%, NO ,0, Q-   ,0, Q-   ,0, Q-   ,, Q-   , Q-   ,0.00%, NO ,0, Q-   ,0, Q-   ,0, Q-   ,, Q-   , Q-   ,1.00%, SI ,0, Q-   ,0, Q-   ,0, Q-   ,, Q-   , Q-   ,0.00%, NO ,0, Q-   ,0, Q-   ,0, Q-   ,, Q-   , Q-   ,0.00%, NO ,0, Q-   ,0, Q-   ,0, Q-   ,, Q-   , Q-   ,0.35%,0, Q-   ,0, Q-   ,0, Q-   ,, Q-   , Q-   ,0, Q-   ,0, Q-   ,0, Q-   ,, Q-   , Q-   ,0, Q-   ,0, Q-   ,0, Q-   ,, Q-   , Q-   , -   , Q-   ,,,,,,,,,,,
,3,105,Brandon Oswaldo Ponce Pérez y Katerine Andrea Lucía Martínez Mejía,28/06/25,25,4.Plan de pagos," Q655,200.00 "," Q599,451.05 "," Q63,700.00 "," Q3,596.71 ", Q-   ," Q1,798.35 "," Q1,498.63 ", Q-   , Q-   , Q-   , Q-   , Q-   ," Q5,994.51 ", Q-   , Q-   ," Q2,098.08 "," Q14,986.28 "," Q29,972.55 ",,,, NO ,0, Q-   ,0, Q-   ,0, Q-   ,, Q-   , Q-   ,0, Q-   ,0, Q-   ,1, Q-   ,, Q-   , Q-   ,0, Q-   ,0, Q-   ,0, Q-   ,, Q-   , Q-   ,0, Q-   ,0, Q-   ,0, Q-   ,, Q-   , Q-   ,0.00%, NO ,0, Q-   ,0, Q-   ,0, Q-   ,, Q-   , Q-   ,0.00%, NO ,0, Q-   ,0, Q-   ,0, Q-   ,, Q-   , Q-   ,0.00%, NO ,0, Q-   ,0, Q-   ,0, Q-   ,, Q-   , Q-   ,0.00%, NO ,0, Q-   ,0, Q-   ,0, Q-   ,, Q-   , Q-   ,0.00%, NO ,0, Q-   ,0, Q-   ,0, Q-   ,, Q-   , Q-   ,1.00%, SI ,0, Q-   ,0, Q-   ,0, Q-   ,, Q-   , Q-   ,0.00%, NO ,0, Q-   ,0, Q-   ,0, Q-   ,, Q-   , Q-   ,0.00%, NO ,0, Q-   ,0, Q-   ,0, Q-   ,, Q-   , Q-   ,0.35%,0, Q-   ,0, Q-   ,0, Q-   ,, Q-   , Q-   ,0, Q-   ,0, Q-   ,0, Q-   ,, Q-   , Q-   ,0, Q-   ,0, Q-   ,0, Q-   ,, Q-   , Q-   , -   , Q-   ,,,,,,,,,,,
,4,106,Natanael de Jesús Gaitán Gómez,28/07/25,25,4.Plan de pagos," Q814,900.00 "," Q745,562.67 "," Q63,700.00 "," Q4,473.38 ", Q-   ," Q2,236.69 "," Q1,863.91 ", Q-   , Q-   , Q-   , Q-   , Q-   ," Q7,455.63 ", Q-   , Q-   ," Q2,609.47 "," Q18,639.07 "," Q37,278.13 ",," Q2,115.38 ",, SI ,0, Q-   ,0, Q-   ,1, Q44.57 ,, Q-   , Q44.57 ,0, Q-   ,0, Q-   ,0, Q-   ,, Q-   , Q-   ,0, Q-   ,0, Q-   ,1, Q22.28 ,, Q-   , Q22.28 ,0, Q-   ,0, Q-   ,1, Q18.57 ,, Q-   , Q18.57 ,0.00%, NO ,0, Q-   ,0, Q-   ,1, Q-   ,, Q-   , Q-   ,0.00%, NO ,0, Q-   ,0, Q-   ,1, Q-   ,, Q-   , Q-   ,0.00%, NO ,0, Q-   ,0, Q-   ,1, Q-   ,, Q-   , Q-   ,0.00%, NO ,0, Q-   ,0, Q-   ,1, Q-   ,, Q-   , Q-   ,0.00%, NO ,0, Q-   ,0, Q-   ,1, Q-   ,, Q-   , Q-   ,1.00%, SI ,0, Q-   ,0, Q-   ,1, Q74.28 ,, Q-   , Q74.28 ,0.00%, NO ,0, Q-   ,0, Q-   ,1, Q-   ,, Q-   , Q-   ,0.00%, NO ,0, Q-   ,0, Q-   ,1, Q-   ,, Q-   , Q-   ,0.35%,0, Q-   ,0, Q-   ,1, Q26.00 ,, Q-   , Q26.00 ,0, Q-   ,0, Q-   ,1, Q185.69 ,, Q-   , Q185.69 ,0, Q-   ,0, Q-   ,1, Q371.39 ,, Q-   , Q371.39 , -   ,-Q0.00 ,,,,,,,,,,,
,5,107,Sarai del Rosario Muralles Navas de Garcia,28/07/25,25,4.Plan de pagos," Q853,600.00 "," Q780,969.81 "," Q63,700.00 "," Q4,685.82 ", Q-   ," Q2,342.91 "," Q1,952.42 ", Q-   , Q-   , Q-   , Q-   , Q-   ," Q7,809.70 ", Q-   , Q-   ," Q2,733.39 "," Q19,524.25 "," Q39,048.49 ",," Q2,192.31 ",, SI ,0, Q-   ,0, Q-   ,1, Q48.38 ,, Q-   , Q48.38 ,0, Q-   ,0, Q-   ,0, Q-   ,, Q-   , Q-   ,0, Q-   ,0, Q-   ,1, Q24.19 ,, Q-   , Q24.19 ,0, Q-   ,0, Q-   ,1, Q20.16 ,, Q-   , Q20.16 ,0.00%, NO ,0, Q-   ,0, Q-   ,1, Q-   ,, Q-   , Q-   ,0.00%, NO ,0, Q-   ,0, Q-   ,1, Q-   ,, Q-   , Q-   ,0.00%, NO ,0, Q-   ,0, Q-   ,1, Q-   ,, Q-   , Q-   ,0.00%, NO ,0, Q-   ,0, Q-   ,1, Q-   ,, Q-   , Q-   ,0.00%, NO ,0, Q-   ,0, Q-   ,1, Q-   ,, Q-   , Q-   ,1.00%, SI ,0, Q-   ,0, Q-   ,1, Q80.63 ,, Q-   , Q80.63 ,0.00%, NO ,0, Q-   ,0, Q-   ,1, Q-   ,, Q-   , Q-   ,0.00%, NO ,0, Q-   ,0, Q-   ,1, Q-   ,, Q-   , Q-   ,0.35%,0, Q-   ,0, Q-   ,1, Q28.22 ,, Q-   , Q28.22 ,0, Q-   ,0, Q-   ,1, Q201.58 ,, Q-   , Q201.58 ,0, Q-   ,0, Q-   ,1, Q403.17 ,, Q-   , Q403.17 , -   ,-Q0.00 ,,,,,,,,,,,
,4,303,Luis Armando Chávez Camo,9/11/25,07,4.Plan de pagos," Q744,000.00 "," Q680,695.33 "," Q52,100.00 "," Q4,084.17 ", Q-   ," Q2,042.09 "," Q1,701.74 ", Q-   , Q-   , Q-   ," Q6,806.95 ", Q-   , Q-   , Q-   , Q-   ," Q2,382.43 "," Q17,017.38 "," Q34,034.77 ",," Q2,332.00 ",, SI ,0, Q-   ,0, Q-   ,1, Q54.84 ,, Q-   , Q54.84 ,0, Q-   ,0, Q-   ,0, Q-   ,, Q-   , Q-   ,0, Q-   ,0, Q-   ,1, Q27.42 ,, Q-   , Q27.42 ,0, Q-   ,0, Q-   ,1, Q22.85 ,, Q-   , Q22.85 ,0.00%, NO ,0, Q-   ,0, Q-   ,1, Q-   ,, Q-   , Q-   ,0.00%, NO ,0, Q-   ,0, Q-   ,1, Q-   ,, Q-   , Q-   ,0.00%, NO ,0, Q-   ,0, Q-   ,1, Q-   ,, Q-   , Q-   ,1.00%, SI ,0, Q-   ,0, Q-   ,1, Q91.40 ,, Q-   , Q91.40 ,0.00%, NO ,0, Q-   ,0, Q-   ,1, Q-   ,, Q-   , Q-   ,0.00%, NO ,0, Q-   ,0, Q-   ,1, Q-   ,, Q-   , Q-   ,0.00%, NO ,0, Q-   ,0, Q-   ,1, Q-   ,, Q-   , Q-   ,0.00%, NO ,0, Q-   ,0, Q-   ,1, Q-   ,, Q-   , Q-   ,0.35%,0, Q-   ,0, Q-   ,1, Q31.99 ,, Q-   , Q31.99 ,0, Q-   ,0, Q-   ,1, Q228.51 ,, Q-   , Q228.51 ,0, Q-   ,0, Q-   ,1, Q457.02 ,, Q-   , Q457.02 , Q-   , Q0.00 ,,,,,,,,,,,
,6,401,Carlos Eduardo Celada,14/08/25,07,4.Plan de pagos," Q622,000.00 "," Q569,075.94 "," Q43,540.00 "," Q3,414.46 ", Q-   ," Q1,707.23 "," Q1,422.69 ", Q-   , Q-   , Q-   ," Q5,690.76 ", Q-   , Q-   , Q-   , Q-   ," Q1,991.77 "," Q14,226.90 "," Q28,453.80 ",," Q1,640.00 ",, SI ,0, Q-   ,0, Q-   ,1, Q38.58 ,, Q-   , Q38.58 ,0, Q-   ,0, Q-   ,0, Q-   ,, Q-   , Q-   ,0, Q-   ,0, Q-   ,1, Q19.29 ,, Q-   , Q19.29 ,0, Q-   ,0, Q-   ,1, Q16.08 ,, Q-   , Q16.08 ,0.00%, NO ,0, Q-   ,0, Q-   ,1, Q-   ,, Q-   , Q-   ,0.00%, NO ,0, Q-   ,0, Q-   ,1, Q-   ,, Q-   , Q-   ,0.00%, NO ,0, Q-   ,0, Q-   ,1, Q-   ,, Q-   , Q-   ,1.00%, SI ,0, Q-   ,0, Q-   ,1, Q64.31 ,, Q-   , Q64.31 ,0.00%, NO ,0, Q-   ,0, Q-   ,1, Q-   ,, Q-   , Q-   ,0.00%, NO ,0, Q-   ,0, Q-   ,1, Q-   ,, Q-   , Q-   ,0.00%, NO ,0, Q-   ,0, Q-   ,1, Q-   ,, Q-   , Q-   ,0.00%, NO ,0, Q-   ,0, Q-   ,1, Q-   ,, Q-   , Q-   ,0.35%,0, Q-   ,0, Q-   ,1, Q22.51 ,, Q-   , Q22.51 ,0, Q-   ,0, Q-   ,1, Q160.76 ,, Q-   , Q160.76 ,0, Q-   ,0, Q-   ,1, Q321.53 ,, Q-   , Q321.53 , -   , Q0.00 ,,,,,,,,,,,
,7,402,Lina Judith Conde Gomez de León,30/05/25,21,4.Plan de pagos," Q871,004.00 "," Q796,892.96 "," Q63,700.00 "," Q4,781.36 ", Q-   , Q-   , Q-   , Q-   , Q-   , Q-   , Q-   ," Q7,968.93 ", Q-   , Q-   , Q-   ," Q7,172.04 "," Q19,922.32 "," Q39,844.65 ",," Q2,142.93 ",, SI ,0, Q-   ,0, Q-   ,1, Q48.25 ,, Q-   , Q48.25 ,0, Q-   ,0, Q-   ,0, Q-   ,, Q-   , Q-   ,0, Q-   ,0, Q-   ,1, Q-   ,, Q-   , Q-   ,0, Q-   ,0, Q-   ,1, Q-   ,, Q-   , Q-   ,0.00%, NO ,0, Q-   ,0, Q-   ,1, Q-   ,, Q-   , Q-   ,0.00%, NO ,0, Q-   ,0, Q-   ,1, Q-   ,, Q-   , Q-   ,0.00%, NO ,0, Q-   ,0, Q-   ,1, Q-   ,, Q-   , Q-   ,0.00%, NO ,0, Q-   ,0, Q-   ,1, Q-   ,, Q-   , Q-   ,1.00%, SI ,0, Q-   ,0, Q-   ,1, Q-   ,, Q-   , Q-   ,0.00%, NO ,0, Q-   ,0, Q-   ,1, Q-   ,, Q-   , Q-   ,0.00%, NO ,0, Q-   ,0, Q-   ,1, Q-   ,, Q-   , Q-   ,0.00%, NO ,0, Q-   ,0, Q-   ,1, Q-   ,, Q-   , Q-   ,0.90%,0, Q-   ,0, Q-   ,1, Q72.38 ,, Q-   , Q72.38 ,0, Q-   ,0, Q-   ,1, Q201.06 ,, Q-   , Q201.06 ,0, Q-   ,0, Q-   ,1, Q402.12 ,, Q-   , Q402.12 , Q-   , Q80.42 ,,,,,,,,,,,
,8,501,Kenneth David Cetino Ortiz y Hazel Suscely Cetino Ortiz,30/05/25,13,4.Plan de pagos," Q603,340.00 "," Q552,003.66 "," Q63,700.00 "," Q3,312.02 ", Q-   , Q-   , Q-   ," Q5,520.04 ", Q-   , Q-   , Q-   , Q-   , Q-   , Q-   , Q-   ," Q4,968.03 "," Q13,800.09 "," Q27,600.18 ",," Q2,047.64 ",, SI ,0, Q-   ,0, Q-   ,1, Q31.94 ,, Q-   , Q31.94 ,0, Q-   ,0, Q-   ,0, Q-   ,, Q-   , Q-   ,0, Q-   ,0, Q-   ,1, Q-   ,, Q-   , Q-   ,0, Q-   ,0, Q-   ,1, Q-   ,, Q-   , Q-   ,1.00%, SI ,0, Q-   ,0, Q-   ,1, Q53.23 ,, Q-   , Q53.23 ,0.00%, NO ,0, Q-   ,0, Q-   ,1, Q-   ,, Q-   , Q-   ,0.00%, NO ,0, Q-   ,0, Q-   ,1, Q-   ,, Q-   , Q-   ,0.00%, NO ,0, Q-   ,0, Q-   ,1, Q-   ,, Q-   , Q-   ,0.00%, NO ,0, Q-   ,0, Q-   ,1, Q-   ,, Q-   , Q-   ,0.00%, NO ,0, Q-   ,0, Q-   ,1, Q-   ,, Q-   , Q-   ,0.00%, NO ,0, Q-   ,0, Q-   ,1, Q-   ,, Q-   , Q-   ,0.00%, NO ,0, Q-   ,0, Q-   ,1, Q-   ,, Q-   , Q-   ,0.90%,0, Q-   ,0, Q-   ,1, Q47.91 ,, Q-   , Q47.91 ,0, Q-   ,0, Q-   ,1, Q133.08 ,, Q-   , Q133.08 ,0, Q-   ,0, Q-   ,1, Q266.16 ,, Q-   , Q266.16 , Q-   , Q0.00 ,,,,,,,,,,,
,9,502,Byron Omar Yapur Ponce,29/10/25,07,4.Plan de pagos," Q744,000.00 "," Q680,695.33 "," Q52,100.00 "," Q4,084.17 ", Q-   ," Q2,042.09 "," Q1,701.74 ", Q-   , Q-   , Q-   ," Q6,806.95 ", Q-   , Q-   , Q-   , Q-   ," Q2,382.43 "," Q17,017.38 "," Q34,034.77 ",," Q2,500.00 ",, SI ,0, Q-   ,0, Q-   ,1, Q58.79 ,, Q-   , Q58.79 ,0, Q-   ,0, Q-   ,0, Q-   ,, Q-   , Q-   ,0, Q-   ,0, Q-   ,1, Q29.40 ,, Q-   , Q29.40 ,0, Q-   ,0, Q-   ,1, Q24.50 ,, Q-   , Q24.50 ,0.00%, NO ,0, Q-   ,0, Q-   ,1, Q-   ,, Q-   , Q-   ,0.00%, NO ,0, Q-   ,0, Q-   ,1, Q-   ,, Q-   , Q-   ,0.00%, NO ,0, Q-   ,0, Q-   ,1, Q-   ,, Q-   , Q-   ,1.00%, SI ,0, Q-   ,0, Q-   ,1, Q97.99 ,, Q-   , Q97.99 ,0.00%, NO ,0, Q-   ,0, Q-   ,1, Q-   ,, Q-   , Q-   ,0.00%, NO ,0, Q-   ,0, Q-   ,1, Q-   ,, Q-   , Q-   ,0.00%, NO ,0, Q-   ,0, Q-   ,1, Q-   ,, Q-   , Q-   ,0.00%, NO ,0, Q-   ,0, Q-   ,1, Q-   ,, Q-   , Q-   ,0.35%,0, Q-   ,0, Q-   ,1, Q34.30 ,, Q-   , Q34.30 ,0, Q-   ,0, Q-   ,1, Q244.97 ,, Q-   , Q244.97 ,0, Q-   ,0, Q-   ,1, Q489.94 ,, Q-   , Q489.94 , -   , Q0.00 ,,,,,,,,,,,
,9,503,Alberto Ortiz Pineda/ Ana Gabriela Morales,19/10/25,25,4.Plan de pagos," Q744,000.00 "," Q680,695.33 "," Q52,100.00 "," Q4,084.17 ", Q-   ," Q2,042.09 "," Q1,701.74 ", Q-   , Q-   , Q-   , Q-   , Q-   ," Q6,806.95 ", Q-   , Q-   ," Q2,382.43 "," Q17,017.38 "," Q34,034.77 ",,,, NO ,0, Q-   ,0, Q-   ,0, Q-   ,, Q-   , Q-   ,0, Q-   ,0, Q-   ,0, Q-   ,, Q-   , Q-   ,0, Q-   ,0, Q-   ,0, Q-   ,, Q-   , Q-   ,0, Q-   ,0, Q-   ,0, Q-   ,, Q-   , Q-   ,0.00%, NO ,0, Q-   ,0, Q-   ,0, Q-   ,, Q-   , Q-   ,0.00%, NO ,0, Q-   ,0, Q-   ,0, Q-   ,, Q-   , Q-   ,0.00%, NO ,0, Q-   ,0, Q-   ,0, Q-   ,, Q-   , Q-   ,0.00%, NO ,0, Q-   ,0, Q-   ,0, Q-   ,, Q-   , Q-   ,0.00%, NO ,0, Q-   ,0, Q-   ,0, Q-   ,, Q-   , Q-   ,1.00%, SI ,0, Q-   ,0, Q-   ,0, Q-   ,, Q-   , Q-   ,0.00%, NO ,0, Q-   ,0, Q-   ,0, Q-   ,, Q-   , Q-   ,0.00%, NO ,0, Q-   ,0, Q-   ,0, Q-   ,, Q-   , Q-   ,0.35%,0, Q-   ,0, Q-   ,0, Q-   ,, Q-   , Q-   ,0, Q-   ,0, Q-   ,0, Q-   ,, Q-   , Q-   ,0, Q-   ,0, Q-   ,0, Q-   ,, Q-   , Q-   , -   , Q-   ,,,,,,,,,,,
,9,504,Jose Andres Pich Cuxulic / Zoila Josabeth Lantan López ,18/07/25,07,4.Plan de pagos," Q622,000.00 "," Q569,075.94 "," Q44,000.00 "," Q3,414.46 ", Q-   ," Q1,707.23 "," Q1,422.69 ", Q-   , Q-   , Q-   ," Q5,690.76 ", Q-   , Q-   , Q-   , Q-   ," Q1,991.77 "," Q14,226.90 "," Q28,453.80 ",,,, NO ,0, Q-   ,0, Q-   ,0, Q-   ,, Q-   , Q-   ,0, Q-   ,0, Q-   ,0, Q-   ,, Q-   , Q-   ,0, Q-   ,0, Q-   ,0, Q-   ,, Q-   , Q-   ,0, Q-   ,0, Q-   ,0, Q-   ,, Q-   , Q-   ,0.00%, NO ,0, Q-   ,0, Q-   ,0, Q-   ,, Q-   , Q-   ,0.00%, NO ,0, Q-   ,0, Q-   ,0, Q-   ,, Q-   , Q-   ,0.00%, NO ,0, Q-   ,0, Q-   ,0, Q-   ,, Q-   , Q-   ,1.00%, SI ,0, Q-   ,0, Q-   ,0, Q-   ,, Q-   , Q-   ,0.00%, NO ,0, Q-   ,0, Q-   ,0, Q-   ,, Q-   , Q-   ,0.00%, NO ,0, Q-   ,0, Q-   ,0, Q-   ,, Q-   , Q-   ,0.00%, NO ,0, Q-   ,0, Q-   ,0, Q-   ,, Q-   , Q-   ,0.00%, NO ,0, Q-   ,0, Q-   ,0, Q-   ,, Q-   , Q-   ,0.35%,0, Q-   ,0, Q-   ,0, Q-   ,, Q-   , Q-   ,0, Q-   ,0, Q-   ,0, Q-   ,, Q-   , Q-   ,0, Q-   ,0, Q-   ,0, Q-   ,, Q-   , Q-   , -   , Q-   ,,,,,,,,,,,
,10,505,Lester Ariel Canahuí Gómez y Brenda Carolina Aguilar Gómez,28/06/25,25,4.Plan de pagos," Q622,000.00 "," Q569,075.94 "," Q63,700.00 "," Q3,414.46 ", Q-   ," Q1,707.23 "," Q1,422.69 ", Q-   , Q-   , Q-   , Q-   , Q-   ," Q5,690.76 ", Q-   , Q-   ," Q1,991.77 "," Q14,226.90 "," Q28,453.80 ",,,, NO ,0, Q-   ,0, Q-   ,0, Q-   ,, Q-   , Q-   ,0, Q-   ,0, Q-   ,0, Q-   ,, Q-   , Q-   ,0, Q-   ,0, Q-   ,0, Q-   ,, Q-   , Q-   ,0, Q-   ,0, Q-   ,0, Q-   ,, Q-   , Q-   ,0.00%, NO ,0, Q-   ,0, Q-   ,0, Q-   ,, Q-   , Q-   ,0.00%, NO ,0, Q-   ,0, Q-   ,0, Q-   ,, Q-   , Q-   ,0.00%, NO ,0, Q-   ,0, Q-   ,0, Q-   ,, Q-   , Q-   ,0.00%, NO ,0, Q-   ,0, Q-   ,0, Q-   ,, Q-   , Q-   ,0.00%, NO ,0, Q-   ,0, Q-   ,0, Q-   ,, Q-   , Q-   ,1.00%, SI ,0, Q-   ,0, Q-   ,0, Q-   ,, Q-   , Q-   ,0.00%, NO ,0, Q-   ,0, Q-   ,0, Q-   ,, Q-   , Q-   ,0.00%, NO ,0, Q-   ,0, Q-   ,0, Q-   ,, Q-   , Q-   ,0.35%,0, Q-   ,0, Q-   ,0, Q-   ,, Q-   , Q-   ,0, Q-   ,0, Q-   ,0, Q-   ,, Q-   , Q-   ,0, Q-   ,0, Q-   ,0, Q-   ,, Q-   , Q-   , -   , Q-   ,,,,,,,,,,,
,11,506,Shirley Irene Recinos,30/05/25,05,4.Plan de pagos," Q770,568.00 "," Q705,002.74 "," Q63,700.00 "," Q4,230.02 ", Q-   , Q-   , Q-   , Q-   , Q-   ," Q7,050.03 ", Q-   , Q-   , Q-   , Q-   , Q-   ," Q6,345.02 "," Q17,625.07 "," Q35,250.14 ",," Q1,820.29 ",, SI ,0, Q-   ,0, Q-   ,1, Q36.26 ,, Q-   , Q36.26 ,0, Q-   ,0, Q-   ,0, Q-   ,, Q-   , Q-   ,0, Q-   ,0, Q-   ,1, Q-   ,, Q-   , Q-   ,0, Q-   ,0, Q-   ,1, Q-   ,, Q-   , Q-   ,0.00%, NO ,0, Q-   ,0, Q-   ,1, Q-   ,, Q-   , Q-   ,0.00%, NO ,0, Q-   ,0, Q-   ,1, Q-   ,, Q-   , Q-   ,1.00%, SI ,0, Q-   ,0, Q-   ,1, Q60.44 ,, Q-   , Q60.44 ,0.00%, NO ,0, Q-   ,0, Q-   ,1, Q-   ,, Q-   , Q-   ,0.00%, NO ,0, Q-   ,0, Q-   ,1, Q-   ,, Q-   , Q-   ,0.00%, NO ,0, Q-   ,0, Q-   ,1, Q-   ,, Q-   , Q-   ,0.00%, NO ,0, Q-   ,0, Q-   ,1, Q-   ,, Q-   , Q-   ,0.00%, NO ,0, Q-   ,0, Q-   ,1, Q-   ,, Q-   , Q-   ,0.90%,0, Q-   ,0, Q-   ,1, Q54.39 ,, Q-   , Q54.39 ,0, Q-   ,0, Q-   ,1, Q151.10 ,, Q-   , Q151.10 ,0, Q-   ,0, Q-   ,1, Q302.19 ,, Q-   , Q302.19 , Q-   , Q0.00 ,,,,,,,,,,,
,12,601,Claudia Anaí Franco Díaz,16/09/25,07,4.Plan de pagos," Q636,400.00 "," Q582,250.69 "," Q44,600.00 "," Q3,493.50 ", Q-   ," Q1,746.75 "," Q1,455.63 ", Q-   , Q-   , Q-   ," Q5,822.51 ", Q-   , Q-   , Q-   , Q-   ," Q2,037.88 "," Q14,556.27 "," Q29,112.53 ",," Q1,734.00 ",, SI ,0, Q-   ,0, Q-   ,1, Q40.75 ,, Q-   , Q40.75 ,0, Q-   ,0, Q-   ,0, Q-   ,, Q-   , Q-   ,0, Q-   ,0, Q-   ,1, Q20.37 ,, Q-   , Q20.37 ,0, Q-   ,0, Q-   ,1, Q16.98 ,, Q-   , Q16.98 ,0.00%, NO ,0, Q-   ,0, Q-   ,1, Q-   ,, Q-   , Q-   ,0.00%, NO ,0, Q-   ,0, Q-   ,1, Q-   ,, Q-   , Q-   ,0.00%, NO ,0, Q-   ,0, Q-   ,1, Q-   ,, Q-   , Q-   ,1.00%, SI ,0, Q-   ,0, Q-   ,1, Q67.91 ,, Q-   , Q67.91 ,0.00%, NO ,0, Q-   ,0, Q-   ,1, Q-   ,, Q-   , Q-   ,0.00%, NO ,0, Q-   ,0, Q-   ,1, Q-   ,, Q-   , Q-   ,0.00%, NO ,0, Q-   ,0, Q-   ,1, Q-   ,, Q-   , Q-   ,0.00%, NO ,0, Q-   ,0, Q-   ,1, Q-   ,, Q-   , Q-   ,0.35%,0, Q-   ,0, Q-   ,1, Q23.77 ,, Q-   , Q23.77 ,0, Q-   ,0, Q-   ,1, Q169.78 ,, Q-   , Q169.78 ,0, Q-   ,0, Q-   ,1, Q339.56 ,, Q-   , Q339.56 , -   , Q0.00 ,,,,,,,,,,,
,13,602,Blanca Estela Gonzalez Cedillo / Julio Garcia,19/10/25,25,4.Plan de pagos," Q744,000.00 "," Q680,695.33 "," Q52,100.00 "," Q4,084.17 ", Q-   ," Q2,042.09 "," Q1,701.74 ", Q-   , Q-   , Q-   , Q-   , Q-   ," Q6,806.95 ", Q-   , Q-   ," Q2,382.43 "," Q17,017.38 "," Q34,034.77 ",," Q3,000.00 ",, SI ,0, Q-   ,0, Q-   ,1, Q70.55 ,, Q-   , Q70.55 ,0, Q-   ,0, Q-   ,0, Q-   ,, Q-   , Q-   ,0, Q-   ,0, Q-   ,1, Q35.28 ,, Q-   , Q35.28 ,0, Q-   ,0, Q-   ,1, Q29.40 ,, Q-   , Q29.40 ,0.00%, NO ,0, Q-   ,0, Q-   ,1, Q-   ,, Q-   , Q-   ,0.00%, NO ,0, Q-   ,0, Q-   ,1, Q-   ,, Q-   , Q-   ,0.00%, NO ,0, Q-   ,0, Q-   ,1, Q-   ,, Q-   , Q-   ,0.00%, NO ,0, Q-   ,0, Q-   ,1, Q-   ,, Q-   , Q-   ,0.00%, NO ,0, Q-   ,0, Q-   ,1, Q-   ,, Q-   , Q-   ,1.00%, SI ,0, Q-   ,0, Q-   ,1, Q117.59 ,, Q-   , Q117.59 ,0.00%, NO ,0, Q-   ,0, Q-   ,1, Q-   ,, Q-   , Q-   ,0.00%, NO ,0, Q-   ,0, Q-   ,1, Q-   ,, Q-   , Q-   ,0.35%,0, Q-   ,0, Q-   ,1, Q41.16 ,, Q-   , Q41.16 ,0, Q-   ,0, Q-   ,1, Q293.97 ,, Q-   , Q293.97 ,0, Q-   ,0, Q-   ,1, Q587.93 ,, Q-   , Q587.93 , -   ,-Q0.00 ,,,,,,,,,,,
,13,604,Lilian Jeanette Paz García,26/07/25,07,4.Plan de pagos," Q636,400.00 "," Q582,250.69 "," Q45,000.00 "," Q3,493.50 ", Q-   ," Q1,746.75 "," Q1,455.63 ", Q-   , Q-   , Q-   ," Q5,822.51 ", Q-   , Q-   , Q-   , Q-   ," Q2,037.88 "," Q14,556.27 "," Q29,112.53 ",," Q3,194.00 ",, SI ,0, Q-   ,0, Q-   ,1, Q74.39 ,, Q-   , Q74.39 ,0, Q-   ,0, Q-   ,0, Q-   ,, Q-   , Q-   ,0, Q-   ,0, Q-   ,1, Q37.19 ,, Q-   , Q37.19 ,0, Q-   ,0, Q-   ,1, Q31.00 ,, Q-   , Q31.00 ,0.00%, NO ,0, Q-   ,0, Q-   ,1, Q-   ,, Q-   , Q-   ,0.00%, NO ,0, Q-   ,0, Q-   ,1, Q-   ,, Q-   , Q-   ,0.00%, NO ,0, Q-   ,0, Q-   ,1, Q-   ,, Q-   , Q-   ,1.00%, SI ,0, Q-   ,0, Q-   ,1, Q123.98 ,, Q-   , Q123.98 ,0.00%, NO ,0, Q-   ,0, Q-   ,1, Q-   ,, Q-   , Q-   ,0.00%, NO ,0, Q-   ,0, Q-   ,1, Q-   ,, Q-   , Q-   ,0.00%, NO ,0, Q-   ,0, Q-   ,1, Q-   ,, Q-   , Q-   ,0.00%, NO ,0, Q-   ,0, Q-   ,1, Q-   ,, Q-   , Q-   ,0.35%,0, Q-   ,0, Q-   ,1, Q43.39 ,, Q-   , Q43.39 ,0, Q-   ,0, Q-   ,1, Q309.95 ,, Q-   , Q309.95 ,0, Q-   ,0, Q-   ,1, Q619.90 ,, Q-   , Q619.90 , -   ,-Q0.00 ,,,,,,,,,,,
,14,605,Josue Roberto Fajardo Chiguil ,14/08/25,07,4.Plan de pagos," Q636,400.00 "," Q582,250.69 "," Q44,548.00 "," Q3,493.50 ", Q-   ," Q1,746.75 "," Q1,455.63 ", Q-   , Q-   , Q-   ," Q5,822.51 ", Q-   , Q-   , Q-   , Q-   ," Q2,037.88 "," Q14,556.27 "," Q29,112.53 ",," Q1,680.00 ",, SI ,0, Q-   ,0, Q-   ,1, Q39.52 ,, Q-   , Q39.52 ,0, Q-   ,0, Q-   ,0, Q-   ,, Q-   , Q-   ,0, Q-   ,0, Q-   ,1, Q19.76 ,, Q-   , Q19.76 ,0, Q-   ,0, Q-   ,1, Q16.47 ,, Q-   , Q16.47 ,0.00%, NO ,0, Q-   ,0, Q-   ,1, Q-   ,, Q-   , Q-   ,0.00%, NO ,0, Q-   ,0, Q-   ,1, Q-   ,, Q-   , Q-   ,0.00%, NO ,0, Q-   ,0, Q-   ,1, Q-   ,, Q-   , Q-   ,1.00%, SI ,0, Q-   ,0, Q-   ,1, Q65.87 ,, Q-   , Q65.87 ,0.00%, NO ,0, Q-   ,0, Q-   ,1, Q-   ,, Q-   , Q-   ,0.00%, NO ,0, Q-   ,0, Q-   ,1, Q-   ,, Q-   , Q-   ,0.00%, NO ,0, Q-   ,0, Q-   ,1, Q-   ,, Q-   , Q-   ,0.00%, NO ,0, Q-   ,0, Q-   ,1, Q-   ,, Q-   , Q-   ,0.35%,0, Q-   ,0, Q-   ,1, Q23.06 ,, Q-   , Q23.06 ,0, Q-   ,0, Q-   ,1, Q164.68 ,, Q-   , Q164.68 ,0, Q-   ,0, Q-   ,1, Q329.37 ,, Q-   , Q329.37 , -   , Q-   ,,,,,,,,,,,
,15,608,Jeferson Michael Sandoval Orozco y Helen Susana Cano Ruballo,22/12/25,07,4.Plan de pagos," Q744,000.00 "," Q680,695.33 "," Q52,100.00 "," Q4,084.17 ", Q-   ," Q2,042.09 "," Q1,701.74 ", Q-   , Q-   , Q-   ," Q6,806.95 ", Q-   , Q-   , Q-   , Q-   ," Q2,382.43 "," Q17,017.38 "," Q34,034.77 "," Q3,000.00 ",,, SI ,1," Q1,225.25 ",0, Q-   ,0, Q-   ,, Q-   ," Q1,225.25 ",0, Q-   ,0, Q-   ,0, Q-   ,, Q-   , Q-   ,1, Q612.63 ,0, Q-   ,0, Q-   ,, Q-   , Q612.63 ,1, Q510.52 ,0, Q-   ,0, Q-   ,, Q-   , Q510.52 ,0.00%, NO ,1, Q-   ,0, Q-   ,0, Q-   ,, Q-   , Q-   ,0.00%, NO ,1, Q-   ,0, Q-   ,0, Q-   ,, Q-   , Q-   ,0.00%, NO ,1, Q-   ,0, Q-   ,0, Q-   ,, Q-   , Q-   ,1.00%, SI ,1," Q2,042.09 ",0, Q-   ,0, Q-   ,, Q-   ," Q2,042.09 ",0.00%, NO ,1, Q-   ,0, Q-   ,0, Q-   ,, Q-   , Q-   ,0.00%, NO ,1, Q-   ,0, Q-   ,0, Q-   ,, Q-   , Q-   ,0.00%, NO ,1, Q-   ,0, Q-   ,0, Q-   ,, Q-   , Q-   ,0.00%, NO ,1, Q-   ,0, Q-   ,0, Q-   ,, Q-   , Q-   ,0.35%,1, Q714.73 ,0, Q-   ,0, Q-   ,, Q-   , Q714.73 ,1," Q5,105.22 ",0, Q-   ,0, Q-   ,, Q-   ," Q5,105.22 ",1," Q10,210.43 ",0, Q-   ,0, Q-   ,, Q-   ," Q10,210.43 ", -   , Q0.00 ,,,,,,,,,,,
,15,701,Manolo de Jesús Milian Martínez,25/04/25,21,4.Plan de pagos," Q636,400.00 "," Q582,250.69 "," Q63,700.00 "," Q3,493.50 ", Q-   , Q-   , Q-   , Q-   , Q-   , Q-   , Q-   ," Q5,822.51 ", Q-   , Q-   , Q-   ," Q5,240.26 "," Q14,556.27 "," Q29,112.53 ",,,, NO ,0, Q-   ,0, Q-   ,0, Q-   ,, Q-   , Q-   ,0, Q-   ,0, Q-   ,0, Q-   ,, Q-   , Q-   ,0, Q-   ,0, Q-   ,0, Q-   ,, Q-   , Q-   ,0, Q-   ,0, Q-   ,0, Q-   ,, Q-   , Q-   ,0.00%, NO ,0, Q-   ,0, Q-   ,0, Q-   ,, Q-   , Q-   ,0.00%, NO ,0, Q-   ,0, Q-   ,0, Q-   ,, Q-   , Q-   ,0.00%, NO ,0, Q-   ,0, Q-   ,0, Q-   ,, Q-   , Q-   ,0.00%, NO ,0, Q-   ,0, Q-   ,0, Q-   ,, Q-   , Q-   ,1.00%, SI ,0, Q-   ,0, Q-   ,0, Q-   ,, Q-   , Q-   ,0.00%, NO ,0, Q-   ,0, Q-   ,0, Q-   ,, Q-   , Q-   ,0.00%, NO ,0, Q-   ,0, Q-   ,0, Q-   ,, Q-   , Q-   ,0.00%, NO ,0, Q-   ,0, Q-   ,0, Q-   ,, Q-   , Q-   ,0.90%,0, Q-   ,0, Q-   ,0, Q-   ,, Q-   , Q-   ,0, Q-   ,0, Q-   ,0, Q-   ,, Q-   , Q-   ,0, Q-   ,0, Q-   ,0, Q-   ,, Q-   , Q-   , Q-   , Q-   ,,,,,,,,,,,
,16,702,Katherine Guisele Sazo Roche,29/08/25,25,4.Plan de pagos," Q744,000.00 "," Q680,695.33 "," Q52,100.00 "," Q4,084.17 ", Q-   ," Q2,042.09 "," Q1,701.74 ", Q-   , Q-   , Q-   , Q-   , Q-   ," Q6,806.95 ", Q-   , Q-   ," Q2,382.43 "," Q17,017.38 "," Q34,034.77 ",," Q2,046.00 ",, SI ,0, Q-   ,0, Q-   ,1, Q48.12 ,, Q-   , Q48.12 ,0, Q-   ,0, Q-   ,0, Q-   ,, Q-   , Q-   ,0, Q-   ,0, Q-   ,1, Q24.06 ,, Q-   , Q24.06 ,0, Q-   ,0, Q-   ,1, Q20.05 ,, Q-   , Q20.05 ,0.00%, NO ,0, Q-   ,0, Q-   ,1, Q-   ,, Q-   , Q-   ,0.00%, NO ,0, Q-   ,0, Q-   ,1, Q-   ,, Q-   , Q-   ,0.00%, NO ,0, Q-   ,0, Q-   ,1, Q-   ,, Q-   , Q-   ,0.00%, NO ,0, Q-   ,0, Q-   ,1, Q-   ,, Q-   , Q-   ,0.00%, NO ,0, Q-   ,0, Q-   ,1, Q-   ,, Q-   , Q-   ,1.00%, SI ,0, Q-   ,0, Q-   ,1, Q80.19 ,, Q-   , Q80.19 ,0.00%, NO ,0, Q-   ,0, Q-   ,1, Q-   ,, Q-   , Q-   ,0.00%, NO ,0, Q-   ,0, Q-   ,1, Q-   ,, Q-   , Q-   ,0.35%,0, Q-   ,0, Q-   ,1, Q28.07 ,, Q-   , Q28.07 ,0, Q-   ,0, Q-   ,1, Q200.49 ,, Q-   , Q200.49 ,0, Q-   ,0, Q-   ,1, Q400.97 ,, Q-   , Q400.97 , -   , Q0.00 ,,,,,,,,,,,
,17,703,Pedro Alberto Garcia Guzman,29/10/25,25,4.Plan de pagos," Q744,000.00 "," Q680,695.33 "," Q52,100.00 "," Q4,084.17 ", Q-   ," Q2,042.09 "," Q1,701.74 ", Q-   , Q-   , Q-   , Q-   , Q-   ," Q8,508.69 ", Q-   , Q-   , Q680.70 ," Q17,017.38 "," Q34,034.77 ",," Q2,135.00 ",, SI ,0, Q-   ,0, Q-   ,1, Q50.21 ,, Q-   , Q50.21 ,0, Q-   ,0, Q-   ,0, Q-   ,, Q-   , Q-   ,0, Q-   ,0, Q-   ,1, Q25.10 ,, Q-   , Q25.10 ,0, Q-   ,0, Q-   ,1, Q20.92 ,, Q-   , Q20.92 ,0.00%, NO ,0, Q-   ,0, Q-   ,1, Q-   ,, Q-   , Q-   ,0.00%, NO ,0, Q-   ,0, Q-   ,1, Q-   ,, Q-   , Q-   ,0.00%, NO ,0, Q-   ,0, Q-   ,1, Q-   ,, Q-   , Q-   ,0.00%, NO ,0, Q-   ,0, Q-   ,1, Q-   ,, Q-   , Q-   ,0.00%, NO ,0, Q-   ,0, Q-   ,1, Q-   ,, Q-   , Q-   ,1.25%, SI ,0, Q-   ,0, Q-   ,1, Q104.60 ,, Q-   , Q104.60 ,0.00%, NO ,0, Q-   ,0, Q-   ,1, Q-   ,, Q-   , Q-   ,0.00%, NO ,0, Q-   ,0, Q-   ,1, Q-   ,, Q-   , Q-   ,0.10%,0, Q-   ,0, Q-   ,1, Q8.37 ,, Q-   , Q8.37 ,0, Q-   ,0, Q-   ,1, Q209.21 ,, Q-   , Q209.21 ,0, Q-   ,0, Q-   ,1, Q418.41 ,, Q-   , Q418.41 , -   ,-Q0.00 ,,,,,,,,,,,
,17,704,Marvin Estuardo Pineda Rodriguez,18/07/25,25,4.Plan de pagos," Q636,400.00 "," Q582,250.69 "," Q45,000.00 "," Q3,493.50 ", Q-   ," Q1,746.75 "," Q1,455.63 ", Q-   , Q-   , Q-   , Q-   , Q-   ," Q5,822.51 ", Q-   , Q-   ," Q2,037.88 "," Q14,556.27 "," Q29,112.53 ",," Q1,615.38 ",, SI ,0, Q-   ,0, Q-   ,1, Q37.62 ,, Q-   , Q37.62 ,0, Q-   ,0, Q-   ,0, Q-   ,, Q-   , Q-   ,0, Q-   ,0, Q-   ,1, Q18.81 ,, Q-   , Q18.81 ,0, Q-   ,0, Q-   ,1, Q15.68 ,, Q-   , Q15.68 ,0.00%, NO ,0, Q-   ,0, Q-   ,1, Q-   ,, Q-   , Q-   ,0.00%, NO ,0, Q-   ,0, Q-   ,1, Q-   ,, Q-   , Q-   ,0.00%, NO ,0, Q-   ,0, Q-   ,1, Q-   ,, Q-   , Q-   ,0.00%, NO ,0, Q-   ,0, Q-   ,1, Q-   ,, Q-   , Q-   ,0.00%, NO ,0, Q-   ,0, Q-   ,1, Q-   ,, Q-   , Q-   ,1.00%, SI ,0, Q-   ,0, Q-   ,1, Q62.70 ,, Q-   , Q62.70 ,0.00%, NO ,0, Q-   ,0, Q-   ,1, Q-   ,, Q-   , Q-   ,0.00%, NO ,0, Q-   ,0, Q-   ,1, Q-   ,, Q-   , Q-   ,0.35%,0, Q-   ,0, Q-   ,1, Q21.95 ,, Q-   , Q21.95 ,0, Q-   ,0, Q-   ,1, Q156.76 ,, Q-   , Q156.76 ,0, Q-   ,0, Q-   ,1, Q313.52 ,, Q-   , Q313.52 , -   ,-Q0.00 ,,,,,,,,,,,
,18,705,Brian Alexis Velasquez Rodriguez,18/07/25,25,4.Plan de pagos," Q636,400.00 "," Q582,250.69 "," Q45,000.00 "," Q3,493.50 ", Q-   ," Q1,746.75 "," Q1,455.63 ", Q-   , Q-   , Q-   , Q-   , Q-   ," Q5,822.51 ", Q-   , Q-   ," Q2,037.88 "," Q14,556.27 "," Q29,112.53 ",," Q1,615.50 ",, SI ,0, Q-   ,0, Q-   ,1, Q37.63 ,, Q-   , Q37.63 ,0, Q-   ,0, Q-   ,0, Q-   ,, Q-   , Q-   ,0, Q-   ,0, Q-   ,1, Q18.81 ,, Q-   , Q18.81 ,0, Q-   ,0, Q-   ,1, Q15.68 ,, Q-   , Q15.68 ,0.00%, NO ,0, Q-   ,0, Q-   ,1, Q-   ,, Q-   , Q-   ,0.00%, NO ,0, Q-   ,0, Q-   ,1, Q-   ,, Q-   , Q-   ,0.00%, NO ,0, Q-   ,0, Q-   ,1, Q-   ,, Q-   , Q-   ,0.00%, NO ,0, Q-   ,0, Q-   ,1, Q-   ,, Q-   , Q-   ,0.00%, NO ,0, Q-   ,0, Q-   ,1, Q-   ,, Q-   , Q-   ,1.00%, SI ,0, Q-   ,0, Q-   ,1, Q62.71 ,, Q-   , Q62.71 ,0.00%, NO ,0, Q-   ,0, Q-   ,1, Q-   ,, Q-   , Q-   ,0.00%, NO ,0, Q-   ,0, Q-   ,1, Q-   ,, Q-   , Q-   ,0.35%,0, Q-   ,0, Q-   ,1, Q21.95 ,, Q-   , Q21.95 ,0, Q-   ,0, Q-   ,1, Q156.77 ,, Q-   , Q156.77 ,0, Q-   ,0, Q-   ,1, Q313.54 ,, Q-   , Q313.54 , -   ,-Q0.00 ,,,,,,,,,,,
,19,708,Lesbia Fernanda Flores Garcia,31/10/25,25,4.Plan de pagos," Q744,000.00 "," Q680,695.33 "," Q52,100.00 "," Q4,084.17 ", Q-   ," Q2,042.09 "," Q1,701.74 ", Q-   , Q-   , Q-   , Q-   , Q-   ," Q8,508.69 ", Q-   , Q-   , Q680.70 ," Q17,017.38 "," Q34,034.77 ",," Q1,200.00 ",, SI ,0, Q-   ,0, Q-   ,1, Q28.22 ,, Q-   , Q28.22 ,0, Q-   ,0, Q-   ,0, Q-   ,, Q-   , Q-   ,0, Q-   ,0, Q-   ,1, Q14.11 ,, Q-   , Q14.11 ,0, Q-   ,0, Q-   ,1, Q11.76 ,, Q-   , Q11.76 ,0.00%, NO ,0, Q-   ,0, Q-   ,1, Q-   ,, Q-   , Q-   ,0.00%, NO ,0, Q-   ,0, Q-   ,1, Q-   ,, Q-   , Q-   ,0.00%, NO ,0, Q-   ,0, Q-   ,1, Q-   ,, Q-   , Q-   ,0.00%, NO ,0, Q-   ,0, Q-   ,1, Q-   ,, Q-   , Q-   ,0.00%, NO ,0, Q-   ,0, Q-   ,1, Q-   ,, Q-   , Q-   ,1.25%, SI ,0, Q-   ,0, Q-   ,1, Q58.79 ,, Q-   , Q58.79 ,0.00%, NO ,0, Q-   ,0, Q-   ,1, Q-   ,, Q-   , Q-   ,0.00%, NO ,0, Q-   ,0, Q-   ,1, Q-   ,, Q-   , Q-   ,0.10%,0, Q-   ,0, Q-   ,1, Q4.70 ,, Q-   , Q4.70 ,0, Q-   ,0, Q-   ,1, Q117.59 ,, Q-   , Q117.59 ,0, Q-   ,0, Q-   ,1, Q235.17 ,, Q-   , Q235.17 , -   , Q0.00 ,,,,,,,,,,,
,19,802,Carlos Humberto Hernandez Barillas,8/08/25,25,2.Reservado," Q744,000.00 "," Q680,695.33 "," Q52,080.00 "," Q4,084.17 ", Q-   ," Q2,042.09 "," Q1,701.74 ", Q-   , Q-   , Q-   , Q-   , Q-   ," Q6,806.95 ", Q-   , Q-   ," Q2,382.43 "," Q17,017.38 "," Q34,034.77 ",,,, NO ,0, Q-   ,0, Q-   ,0, Q-   ,, Q-   , Q-   ,0, Q-   ,0, Q-   ,0, Q-   ,, Q-   , Q-   ,0, Q-   ,0, Q-   ,0, Q-   ,, Q-   , Q-   ,0, Q-   ,0, Q-   ,0, Q-   ,, Q-   , Q-   ,0.00%, NO ,0, Q-   ,0, Q-   ,0, Q-   ,, Q-   , Q-   ,0.00%, NO ,0, Q-   ,0, Q-   ,0, Q-   ,, Q-   , Q-   ,0.00%, NO ,0, Q-   ,0, Q-   ,0, Q-   ,, Q-   , Q-   ,0.00%, NO ,0, Q-   ,0, Q-   ,0, Q-   ,, Q-   , Q-   ,0.00%, NO ,0, Q-   ,0, Q-   ,0, Q-   ,, Q-   , Q-   ,1.00%, SI ,0, Q-   ,0, Q-   ,0, Q-   ,, Q-   , Q-   ,0.00%, NO ,0, Q-   ,0, Q-   ,0, Q-   ,, Q-   , Q-   ,0.00%, NO ,0, Q-   ,0, Q-   ,0, Q-   ,, Q-   , Q-   ,0.35%,0, Q-   ,0, Q-   ,0, Q-   ,, Q-   , Q-   ,0, Q-   ,0, Q-   ,0, Q-   ,, Q-   , Q-   ,0, Q-   ,0, Q-   ,0, Q-   ,, Q-   , Q-   , -   , Q-   ,,,,,,,,,,,
,20,803,Levi Benjamín Gutiérrez Satey,29/09/25,25,4.Plan de pagos," Q744,000.00 "," Q680,695.33 "," Q52,100.00 "," Q4,084.17 ", Q-   ," Q2,042.09 "," Q1,701.74 ", Q-   , Q-   , Q-   , Q-   , Q-   ," Q6,806.95 ", Q-   , Q-   ," Q2,382.43 "," Q17,017.38 "," Q34,034.77 ",, Q500.00 ,, SI ,0, Q-   ,0, Q-   ,1, Q11.76 ,, Q-   , Q11.76 ,0, Q-   ,0, Q-   ,0, Q-   ,, Q-   , Q-   ,0, Q-   ,0, Q-   ,1, Q5.88 ,, Q-   , Q5.88 ,0, Q-   ,0, Q-   ,1, Q4.90 ,, Q-   , Q4.90 ,0.00%, NO ,0, Q-   ,0, Q-   ,1, Q-   ,, Q-   , Q-   ,0.00%, NO ,0, Q-   ,0, Q-   ,1, Q-   ,, Q-   , Q-   ,0.00%, NO ,0, Q-   ,0, Q-   ,1, Q-   ,, Q-   , Q-   ,0.00%, NO ,0, Q-   ,0, Q-   ,1, Q-   ,, Q-   , Q-   ,0.00%, NO ,0, Q-   ,0, Q-   ,1, Q-   ,, Q-   , Q-   ,1.00%, SI ,0, Q-   ,0, Q-   ,1, Q19.60 ,, Q-   , Q19.60 ,0.00%, NO ,0, Q-   ,0, Q-   ,1, Q-   ,, Q-   , Q-   ,0.00%, NO ,0, Q-   ,0, Q-   ,1, Q-   ,, Q-   , Q-   ,0.35%,0, Q-   ,0, Q-   ,1, Q6.86 ,, Q-   , Q6.86 ,0, Q-   ,0, Q-   ,1, Q48.99 ,, Q-   , Q48.99 ,0, Q-   ,0, Q-   ,1, Q97.99 ,, Q-   , Q97.99 , -   , Q-   ,,,,,,,,,,,
,21,804,Diego Herrera y Gabriela Lara,27/06/25,07,4.Plan de pagos," Q636,400.00 "," Q582,250.69 "," Q44,548.00 "," Q3,493.50 ", Q-   ," Q1,746.75 "," Q1,455.63 ", Q-   , Q-   , Q-   ," Q5,822.51 ", Q-   , Q-   , Q-   , Q-   ," Q2,037.88 "," Q14,556.27 "," Q29,112.53 ",," Q1,540.74 ",, SI ,0, Q-   ,0, Q-   ,1, Q36.25 ,, Q-   , Q36.25 ,0, Q-   ,0, Q-   ,0, Q-   ,, Q-   , Q-   ,0, Q-   ,0, Q-   ,1, Q-   ,, Q-   , Q-   ,0, Q-   ,0, Q-   ,1, Q15.10 ,, Q-   , Q15.10 ,0.00%, NO ,0, Q-   ,0, Q-   ,1, Q-   ,, Q-   , Q-   ,0.00%, NO ,0, Q-   ,0, Q-   ,1, Q-   ,, Q-   , Q-   ,0.00%, NO ,0, Q-   ,0, Q-   ,1, Q-   ,, Q-   , Q-   ,1.00%, SI ,0, Q-   ,1, Q-   ,1, Q60.41 ,, Q-   , Q60.41 ,0.00%, NO ,0, Q-   ,0, Q-   ,1, Q-   ,, Q-   , Q-   ,0.00%, NO ,0, Q-   ,0, Q-   ,1, Q-   ,, Q-   , Q-   ,0.00%, NO ,0, Q-   ,0, Q-   ,1, Q-   ,, Q-   , Q-   ,0.00%, NO ,0, Q-   ,0, Q-   ,1, Q-   ,, Q-   , Q-   ,0.35%,0, Q-   ,1, Q-   ,1, Q21.14 ,, Q-   , Q21.14 ,0, Q-   ,1, Q-   ,1, Q151.03 ,, Q-   , Q151.03 ,0, Q-   ,0, Q-   ,1, Q302.07 ,, Q-   , Q302.07 , -   , Q18.12 ,,,,,,,,,,,
,22,805,Edwin Gonzálo Aguilón Velásquez,18/07/25,25,4.Plan de pagos," Q636,400.00 "," Q582,250.69 "," Q45,000.00 "," Q3,493.50 ", Q-   ," Q1,746.75 "," Q1,455.63 ", Q-   , Q-   , Q-   , Q-   , Q-   ," Q5,822.51 ", Q-   , Q-   ," Q2,037.88 "," Q14,556.27 "," Q29,112.53 ",," Q3,230.76 ",, SI ,0, Q-   ,0, Q-   ,1, Q75.24 ,, Q-   , Q75.24 ,0, Q-   ,0, Q-   ,0, Q-   ,, Q-   , Q-   ,0, Q-   ,0, Q-   ,1, Q37.62 ,, Q-   , Q37.62 ,0, Q-   ,0, Q-   ,1, Q31.35 ,, Q-   , Q31.35 ,0.00%, NO ,0, Q-   ,0, Q-   ,1, Q-   ,, Q-   , Q-   ,0.00%, NO ,0, Q-   ,0, Q-   ,1, Q-   ,, Q-   , Q-   ,0.00%, NO ,0, Q-   ,0, Q-   ,1, Q-   ,, Q-   , Q-   ,0.00%, NO ,0, Q-   ,1, Q-   ,1, Q-   ,, Q-   , Q-   ,0.00%, NO ,0, Q-   ,0, Q-   ,1, Q-   ,, Q-   , Q-   ,1.00%, SI ,0, Q-   ,0, Q-   ,1, Q125.41 ,, Q-   , Q125.41 ,0.00%, NO ,0, Q-   ,0, Q-   ,1, Q-   ,, Q-   , Q-   ,0.00%, NO ,0, Q-   ,0, Q-   ,1, Q-   ,, Q-   , Q-   ,0.35%,0, Q-   ,1, Q-   ,1, Q43.89 ,, Q-   , Q43.89 ,0, Q-   ,1, Q-   ,1, Q313.52 ,, Q-   , Q313.52 ,0, Q-   ,0, Q-   ,1, Q627.04 ,, Q-   , Q627.04 , -   ,-Q0.00 ,,,,,,,,,,,
,23,807,Luciana Concepcion Cruz Alvarado,19/10/25,25,4.Plan de pagos," Q744,000.00 "," Q680,695.33 "," Q52,100.00 "," Q4,084.17 ", Q-   ," Q2,042.09 "," Q1,701.74 ", Q-   , Q-   , Q-   , Q-   , Q-   ," Q6,806.95 ", Q-   , Q-   ," Q2,382.43 "," Q17,017.38 "," Q34,034.77 ",," Q2,200.00 ",, SI ,0, Q-   ,0, Q-   ,1, Q51.74 ,, Q-   , Q51.74 ,0, Q-   ,0, Q-   ,0, Q-   ,, Q-   , Q-   ,0, Q-   ,0, Q-   ,1, Q25.87 ,, Q-   , Q25.87 ,0, Q-   ,0, Q-   ,1, Q21.56 ,, Q-   , Q21.56 ,0.00%, NO ,0, Q-   ,0, Q-   ,1, Q-   ,, Q-   , Q-   ,0.00%, NO ,0, Q-   ,0, Q-   ,1, Q-   ,, Q-   , Q-   ,0.00%, NO ,0, Q-   ,0, Q-   ,1, Q-   ,, Q-   , Q-   ,0.00%, NO ,0, Q-   ,0, Q-   ,1, Q-   ,, Q-   , Q-   ,0.00%, NO ,0, Q-   ,0, Q-   ,1, Q-   ,, Q-   , Q-   ,1.00%, SI ,0, Q-   ,0, Q-   ,1, Q86.23 ,, Q-   , Q86.23 ,0.00%, NO ,0, Q-   ,0, Q-   ,1, Q-   ,, Q-   , Q-   ,0.00%, NO ,0, Q-   ,0, Q-   ,1, Q-   ,, Q-   , Q-   ,0.35%,0, Q-   ,0, Q-   ,1, Q30.18 ,, Q-   , Q30.18 ,0, Q-   ,0, Q-   ,1, Q215.58 ,, Q-   , Q215.58 ,0, Q-   ,0, Q-   ,1, Q431.15 ,, Q-   , Q431.15 , -   , Q0.00 ,,,,,,,,,,,
,23,808,Julisa Elizabethe González Cal,16/09/25,07,4.Plan de pagos," Q744,000.00 "," Q680,695.33 "," Q52,100.00 "," Q4,084.17 ", Q-   ," Q2,042.09 "," Q1,701.74 ", Q-   , Q-   , Q-   ," Q6,806.95 ", Q-   , Q-   , Q-   , Q-   ," Q2,382.43 "," Q17,017.38 "," Q34,034.77 ",," Q2,046.00 ",, SI ,0, Q-   ,0, Q-   ,1, Q48.12 ,, Q-   , Q48.12 ,0, Q-   ,0, Q-   ,0, Q-   ,, Q-   , Q-   ,0, Q-   ,0, Q-   ,1, Q24.06 ,, Q-   , Q24.06 ,0, Q-   ,0, Q-   ,1, Q20.05 ,, Q-   , Q20.05 ,0.00%, NO ,0, Q-   ,0, Q-   ,1, Q-   ,, Q-   , Q-   ,0.00%, NO ,0, Q-   ,0, Q-   ,1, Q-   ,, Q-   , Q-   ,0.00%, NO ,0, Q-   ,0, Q-   ,1, Q-   ,, Q-   , Q-   ,1.00%, SI ,0, Q-   ,0, Q-   ,1, Q80.19 ,, Q-   , Q80.19 ,0.00%, NO ,0, Q-   ,0, Q-   ,1, Q-   ,, Q-   , Q-   ,0.00%, NO ,0, Q-   ,0, Q-   ,1, Q-   ,, Q-   , Q-   ,0.00%, NO ,0, Q-   ,0, Q-   ,1, Q-   ,, Q-   , Q-   ,0.00%, NO ,0, Q-   ,0, Q-   ,1, Q-   ,, Q-   , Q-   ,0.35%,0, Q-   ,0, Q-   ,1, Q28.07 ,, Q-   , Q28.07 ,0, Q-   ,0, Q-   ,1, Q200.49 ,, Q-   , Q200.49 ,0, Q-   ,0, Q-   ,1, Q400.97 ,, Q-   , Q400.97 , -   , Q0.00 ,,,,,,,,,,,
,24,809,Masielle Dasayeth Monroy Hernández y Lenin Alejandro Hidalgo Colindres ,15/06/25,25,4.Plan de pagos," Q813,000.00 "," Q743,824.34 "," Q56,910.00 "," Q4,462.95 ", Q-   ," Q2,231.47 "," Q1,859.56 ", Q-   , Q-   , Q-   , Q-   , Q-   ," Q7,438.24 ", Q-   , Q-   ," Q2,603.39 "," Q18,595.61 "," Q37,191.22 ",," Q2,000.00 ",, SI ,0, Q-   ,0, Q-   ,1, Q47.05 ,, Q-   , Q47.05 ,0, Q-   ,0, Q-   ,0, Q-   ,, Q-   , Q-   ,0, Q-   ,0, Q-   ,1, Q-   ,, Q-   , Q-   ,0, Q-   ,0, Q-   ,1, Q19.61 ,, Q-   , Q19.61 ,0.00%, NO ,0, Q-   ,0, Q-   ,1, Q-   ,, Q-   , Q-   ,0.00%, NO ,0, Q-   ,0, Q-   ,1, Q-   ,, Q-   , Q-   ,0.00%, NO ,0, Q-   ,0, Q-   ,1, Q-   ,, Q-   , Q-   ,0.00%, NO ,0, Q-   ,0, Q-   ,1, Q-   ,, Q-   , Q-   ,0.00%, NO ,0, Q-   ,0, Q-   ,1, Q-   ,, Q-   , Q-   ,1.00%, SI ,0, Q-   ,0, Q-   ,1, Q78.42 ,, Q-   , Q78.42 ,0.00%, NO ,0, Q-   ,0, Q-   ,1, Q-   ,, Q-   , Q-   ,0.00%, NO ,0, Q-   ,0, Q-   ,1, Q-   ,, Q-   , Q-   ,0.35%,0, Q-   ,1, Q-   ,1, Q27.45 ,, Q-   , Q27.45 ,0, Q-   ,2, Q-   ,1, Q196.05 ,, Q-   , Q196.05 ,0, Q-   ,0, Q-   ,1, Q392.11 ,, Q-   , Q392.11 , -   , Q23.53 ,,,,,,,,,,,
,25,902,Febe Abigail Arana Franco,21/08/25,07,4.Plan de pagos," Q744,000.00 "," Q680,695.33 "," Q52,080.00 "," Q4,084.17 ", Q-   ," Q2,042.09 "," Q1,701.74 ", Q-   , Q-   , Q-   ," Q6,806.95 ", Q-   , Q-   , Q-   , Q-   ," Q2,382.43 "," Q17,017.38 "," Q34,034.77 ",," Q3,000.00 ",, SI ,0, Q-   ,0, Q-   ,1, Q70.58 ,, Q-   , Q70.58 ,0, Q-   ,0, Q-   ,0, Q-   ,, Q-   , Q-   ,0, Q-   ,0, Q-   ,1, Q35.29 ,, Q-   , Q35.29 ,0, Q-   ,0, Q-   ,1, Q29.41 ,, Q-   , Q29.41 ,0.00%, NO ,0, Q-   ,0, Q-   ,1, Q-   ,, Q-   , Q-   ,0.00%, NO ,0, Q-   ,0, Q-   ,1, Q-   ,, Q-   , Q-   ,0.00%, NO ,0, Q-   ,0, Q-   ,1, Q-   ,, Q-   , Q-   ,1.00%, SI ,0, Q-   ,0, Q-   ,1, Q117.63 ,, Q-   , Q117.63 ,0.00%, NO ,0, Q-   ,0, Q-   ,1, Q-   ,, Q-   , Q-   ,0.00%, NO ,0, Q-   ,0, Q-   ,1, Q-   ,, Q-   , Q-   ,0.00%, NO ,0, Q-   ,0, Q-   ,1, Q-   ,, Q-   , Q-   ,0.00%, NO ,0, Q-   ,0, Q-   ,1, Q-   ,, Q-   , Q-   ,0.35%,0, Q-   ,0, Q-   ,1, Q41.17 ,, Q-   , Q41.17 ,0, Q-   ,0, Q-   ,1, Q294.08 ,, Q-   , Q294.08 ,0, Q-   ,0, Q-   ,1, Q588.16 ,, Q-   , Q588.16 , -   , Q0.00 ,,,,,,,,,,,
,26,903,Andreina Maribel Cornel Moraga,8/08/25,25,4.Plan de pagos," Q744,000.00 "," Q680,695.33 "," Q52,080.00 "," Q4,084.17 ", Q-   ," Q2,042.09 "," Q1,701.74 ", Q-   , Q-   , Q-   , Q-   , Q-   ," Q6,806.95 ", Q-   , Q-   ," Q2,382.43 "," Q17,017.38 "," Q34,034.77 ",," Q2,000.00 ",, SI ,0, Q-   ,0, Q-   ,1, Q47.05 ,, Q-   , Q47.05 ,0, Q-   ,0, Q-   ,0, Q-   ,, Q-   , Q-   ,0, Q-   ,0, Q-   ,1, Q23.53 ,, Q-   , Q23.53 ,0, Q-   ,0, Q-   ,1, Q19.61 ,, Q-   , Q19.61 ,0.00%, NO ,0, Q-   ,0, Q-   ,1, Q-   ,, Q-   , Q-   ,0.00%, NO ,0, Q-   ,0, Q-   ,1, Q-   ,, Q-   , Q-   ,0.00%, NO ,0, Q-   ,0, Q-   ,1, Q-   ,, Q-   , Q-   ,0.00%, NO ,0, Q-   ,0, Q-   ,1, Q-   ,, Q-   , Q-   ,0.00%, NO ,0, Q-   ,0, Q-   ,1, Q-   ,, Q-   , Q-   ,1.00%, SI ,0, Q-   ,0, Q-   ,1, Q78.42 ,, Q-   , Q78.42 ,0.00%, NO ,0, Q-   ,0, Q-   ,1, Q-   ,, Q-   , Q-   ,0.00%, NO ,0, Q-   ,0, Q-   ,1, Q-   ,, Q-   , Q-   ,0.35%,0, Q-   ,0, Q-   ,1, Q27.45 ,, Q-   , Q27.45 ,0, Q-   ,0, Q-   ,1, Q196.05 ,, Q-   , Q196.05 ,0, Q-   ,0, Q-   ,1, Q392.11 ,, Q-   , Q392.11 , -   , Q0.00 ,,,,,,,,,,,
,27,904,Alvaro Victor Hernandez Mus,30/06/25,07,4.Plan de pagos," Q636,400.00 "," Q582,250.69 "," Q45,000.00 "," Q3,493.50 ", Q-   ," Q1,746.75 "," Q1,455.63 ", Q-   , Q-   , Q-   ," Q5,822.51 ", Q-   , Q-   , Q-   , Q-   ," Q2,037.88 "," Q14,556.27 "," Q29,112.53 ",,,, NO ,0, Q-   ,0, Q-   ,0, Q-   ,, Q-   , Q-   ,0, Q-   ,0, Q-   ,0, Q-   ,, Q-   , Q-   ,0, Q-   ,0, Q-   ,0, Q-   ,, Q-   , Q-   ,0, Q-   ,0, Q-   ,0, Q-   ,, Q-   , Q-   ,0.00%, NO ,0, Q-   ,0, Q-   ,0, Q-   ,, Q-   , Q-   ,0.00%, NO ,0, Q-   ,0, Q-   ,0, Q-   ,, Q-   , Q-   ,0.00%, NO ,0, Q-   ,0, Q-   ,0, Q-   ,, Q-   , Q-   ,1.00%, SI ,0, Q-   ,0, Q-   ,0, Q-   ,, Q-   , Q-   ,0.00%, NO ,0, Q-   ,0, Q-   ,0, Q-   ,, Q-   , Q-   ,0.00%, NO ,0, Q-   ,0, Q-   ,0, Q-   ,, Q-   , Q-   ,0.00%, NO ,0, Q-   ,0, Q-   ,0, Q-   ,, Q-   , Q-   ,0.00%, NO ,0, Q-   ,0, Q-   ,0, Q-   ,, Q-   , Q-   ,0.35%,0, Q-   ,1, Q-   ,0, Q-   ,, Q-   , Q-   ,0, Q-   ,3, Q-   ,0, Q-   ,, Q-   , Q-   ,0, Q-   ,0, Q-   ,0, Q-   ,, Q-   , Q-   , -   , Q-   ,,,,,,,,,,,
,28,905,Julio Cesar Calderon Mus,30/07/25,25,4.Plan de pagos," Q636,400.00 "," Q582,250.69 "," Q44,548.00 "," Q3,493.50 ", Q-   ," Q1,746.75 "," Q1,455.63 ", Q-   , Q-   , Q-   , Q-   , Q-   ," Q5,822.51 ", Q-   , Q-   ," Q2,037.88 "," Q14,556.27 "," Q29,112.53 ",,,, NO ,0, Q-   ,0, Q-   ,0, Q-   ,, Q-   , Q-   ,0, Q-   ,0, Q-   ,0, Q-   ,, Q-   , Q-   ,0, Q-   ,0, Q-   ,0, Q-   ,, Q-   , Q-   ,0, Q-   ,0, Q-   ,0, Q-   ,, Q-   , Q-   ,0.00%, NO ,0, Q-   ,0, Q-   ,0, Q-   ,, Q-   , Q-   ,0.00%, NO ,0, Q-   ,0, Q-   ,0, Q-   ,, Q-   , Q-   ,0.00%, NO ,0, Q-   ,0, Q-   ,0, Q-   ,, Q-   , Q-   ,0.00%, NO ,0, Q-   ,0, Q-   ,0, Q-   ,, Q-   , Q-   ,0.00%, NO ,0, Q-   ,0, Q-   ,0, Q-   ,, Q-   , Q-   ,1.00%, SI ,0, Q-   ,0, Q-   ,0, Q-   ,, Q-   , Q-   ,0.00%, NO ,0, Q-   ,0, Q-   ,0, Q-   ,, Q-   , Q-   ,0.00%, NO ,0, Q-   ,0, Q-   ,0, Q-   ,, Q-   , Q-   ,0.35%,0, Q-   ,1, Q-   ,0, Q-   ,, Q-   , Q-   ,0, Q-   ,3, Q-   ,0, Q-   ,, Q-   , Q-   ,0, Q-   ,0, Q-   ,0, Q-   ,, Q-   , Q-   , -   , Q-   ,,,,,,,,,,,
,29,906,William Alexander Fuentes Alvarado,31/07/25,25,4.Plan de pagos," Q744,000.00 "," Q680,695.33 "," Q52,080.00 "," Q4,084.17 ", Q-   ," Q2,042.09 "," Q1,701.74 ", Q-   , Q-   , Q-   , Q-   , Q-   ," Q8,508.69 ", Q-   , Q-   , Q680.70 ," Q17,017.38 "," Q34,034.77 ",," Q2,000.00 ",, SI ,0, Q-   ,0, Q-   ,1, Q47.05 ,, Q-   , Q47.05 ,0, Q-   ,0, Q-   ,0, Q-   ,, Q-   , Q-   ,0, Q-   ,0, Q-   ,1, Q23.53 ,, Q-   , Q23.53 ,0, Q-   ,0, Q-   ,1, Q19.61 ,, Q-   , Q19.61 ,0.00%, NO ,0, Q-   ,0, Q-   ,1, Q-   ,, Q-   , Q-   ,0.00%, NO ,0, Q-   ,0, Q-   ,1, Q-   ,, Q-   , Q-   ,0.00%, NO ,0, Q-   ,0, Q-   ,1, Q-   ,, Q-   , Q-   ,0.00%, NO ,0, Q-   ,0, Q-   ,1, Q-   ,, Q-   , Q-   ,0.00%, NO ,0, Q-   ,0, Q-   ,1, Q-   ,, Q-   , Q-   ,1.25%, SI ,0, Q-   ,0, Q-   ,1, Q98.03 ,, Q-   , Q98.03 ,0.00%, NO ,0, Q-   ,0, Q-   ,1, Q-   ,, Q-   , Q-   ,0.00%, NO ,0, Q-   ,0, Q-   ,1, Q-   ,, Q-   , Q-   ,0.10%,0, Q-   ,1, Q-   ,1, Q7.84 ,, Q-   , Q7.84 ,0, Q-   ,3, Q-   ,1, Q196.05 ,, Q-   , Q196.05 ,0, Q-   ,0, Q-   ,1, Q392.11 ,, Q-   , Q392.11 , -   , Q0.00 ,,,,,,,,,,,
,30,907,Marlon Omar Valdez Pérez,26/09/25,25,4.Plan de pagos," Q744,000.00 "," Q680,695.33 "," Q52,100.00 "," Q4,084.17 ", Q-   ," Q2,042.09 "," Q1,701.74 ", Q-   , Q-   , Q-   , Q-   , Q-   ," Q6,806.95 ", Q-   , Q-   ," Q2,382.43 "," Q17,017.38 "," Q34,034.77 ",," Q3,500.00 ",, SI ,0, Q-   ,0, Q-   ,1, Q82.31 ,, Q-   , Q82.31 ,0, Q-   ,0, Q-   ,0, Q-   ,, Q-   , Q-   ,0, Q-   ,0, Q-   ,1, Q41.16 ,, Q-   , Q41.16 ,0, Q-   ,0, Q-   ,1, Q34.30 ,, Q-   , Q34.30 ,0.00%, NO ,0, Q-   ,0, Q-   ,1, Q-   ,, Q-   , Q-   ,0.00%, NO ,0, Q-   ,0, Q-   ,1, Q-   ,, Q-   , Q-   ,0.00%, NO ,0, Q-   ,0, Q-   ,1, Q-   ,, Q-   , Q-   ,0.00%, NO ,0, Q-   ,0, Q-   ,1, Q-   ,, Q-   , Q-   ,0.00%, NO ,0, Q-   ,0, Q-   ,1, Q-   ,, Q-   , Q-   ,1.00%, SI ,0, Q-   ,0, Q-   ,1, Q137.18 ,, Q-   , Q137.18 ,0.00%, NO ,0, Q-   ,0, Q-   ,1, Q-   ,, Q-   , Q-   ,0.00%, NO ,0, Q-   ,0, Q-   ,1, Q-   ,, Q-   , Q-   ,0.35%,0, Q-   ,1, Q-   ,1, Q48.01 ,, Q-   , Q48.01 ,0, Q-   ,3, Q-   ,1, Q342.96 ,, Q-   , Q342.96 ,0, Q-   ,0, Q-   ,1, Q685.92 ,, Q-   , Q685.92 , -   , Q0.00 ,,,,,,,,,,,
,31,908,Agustin Armando Calvillo Calderon,29/08/25,07,4.Plan de pagos," Q744,000.00 "," Q680,695.33 "," Q52,080.00 "," Q4,084.17 ", Q-   ," Q2,042.09 "," Q1,701.74 ", Q-   , Q-   , Q-   ," Q6,806.95 ", Q-   , Q-   , Q-   , Q-   ," Q2,382.43 "," Q17,017.38 "," Q34,034.77 ",," Q1,964.00 ",, SI ,0, Q-   ,0, Q-   ,1, Q46.21 ,, Q-   , Q46.21 ,0, Q-   ,0, Q-   ,0, Q-   ,, Q-   , Q-   ,0, Q-   ,0, Q-   ,1, Q23.10 ,, Q-   , Q23.10 ,0, Q-   ,0, Q-   ,1, Q19.25 ,, Q-   , Q19.25 ,0.00%, NO ,0, Q-   ,0, Q-   ,1, Q-   ,, Q-   , Q-   ,0.00%, NO ,0, Q-   ,0, Q-   ,1, Q-   ,, Q-   , Q-   ,0.00%, NO ,0, Q-   ,0, Q-   ,1, Q-   ,, Q-   , Q-   ,1.00%, SI ,0, Q-   ,0, Q-   ,1, Q77.01 ,, Q-   , Q77.01 ,0.00%, NO ,0, Q-   ,0, Q-   ,1, Q-   ,, Q-   , Q-   ,0.00%, NO ,0, Q-   ,0, Q-   ,1, Q-   ,, Q-   , Q-   ,0.00%, NO ,0, Q-   ,0, Q-   ,1, Q-   ,, Q-   , Q-   ,0.00%, NO ,0, Q-   ,0, Q-   ,1, Q-   ,, Q-   , Q-   ,0.35%,0, Q-   ,0, Q-   ,1, Q26.95 ,, Q-   , Q26.95 ,0, Q-   ,0, Q-   ,1, Q192.52 ,, Q-   , Q192.52 ,0, Q-   ,0, Q-   ,1, Q385.05 ,, Q-   , Q385.05 , -   , Q0.00 ,,,,,,,,,,,
,32,909,Ingrid Lissette Colindres López,30/05/25,07,4.Plan de pagos," Q813,000.00 "," Q743,824.34 "," Q63,700.00 "," Q4,462.95 ", Q-   , Q-   , Q-   , Q-   , Q-   , Q-   ," Q7,438.24 ", Q-   , Q-   , Q-   , Q-   ," Q6,694.42 "," Q18,595.61 "," Q37,191.22 ",," Q1,500.00 ",, SI ,0, Q-   ,0, Q-   ,1, Q31.53 ,, Q-   , Q31.53 ,0, Q-   ,0, Q-   ,0, Q-   ,, Q-   , Q-   ,0, Q-   ,0, Q-   ,1, Q-   ,, Q-   , Q-   ,0, Q-   ,0, Q-   ,1, Q-   ,, Q-   , Q-   ,0.00%, NO ,0, Q-   ,0, Q-   ,1, Q-   ,, Q-   , Q-   ,0.00%, NO ,0, Q-   ,0, Q-   ,1, Q-   ,, Q-   , Q-   ,0.00%, NO ,0, Q-   ,0, Q-   ,1, Q-   ,, Q-   , Q-   ,1.00%, SI ,0, Q-   ,0, Q-   ,1, Q52.55 ,, Q-   , Q52.55 ,0.00%, NO ,0, Q-   ,0, Q-   ,1, Q-   ,, Q-   , Q-   ,0.00%, NO ,0, Q-   ,0, Q-   ,1, Q-   ,, Q-   , Q-   ,0.00%, NO ,0, Q-   ,0, Q-   ,1, Q-   ,, Q-   , Q-   ,0.00%, NO ,0, Q-   ,0, Q-   ,1, Q-   ,, Q-   , Q-   ,0.90%,0, Q-   ,0, Q-   ,1, Q47.29 ,, Q-   , Q47.29 ,0, Q-   ,0, Q-   ,1, Q131.37 ,, Q-   , Q131.37 ,0, Q-   ,0, Q-   ,1, Q262.73 ,, Q-   , Q262.73 , Q-   , Q-   ,,,,,,,,,,,
,33,1001,Dilan Guillermo Hernandez López,21/08/25,25,4.Plan de pagos," Q646,000.00 "," Q591,033.85 "," Q45,220.00 "," Q3,546.20 ", Q-   ," Q1,773.10 "," Q1,477.58 ", Q-   , Q-   , Q-   , Q-   , Q-   ," Q5,910.34 ", Q-   , Q-   ," Q2,068.62 "," Q14,775.85 "," Q29,551.69 ",," Q1,720.00 ",, SI ,0, Q-   ,0, Q-   ,1, Q40.47 ,, Q-   , Q40.47 ,0, Q-   ,0, Q-   ,0, Q-   ,, Q-   , Q-   ,0, Q-   ,0, Q-   ,1, Q20.23 ,, Q-   , Q20.23 ,0, Q-   ,0, Q-   ,1, Q16.86 ,, Q-   , Q16.86 ,0.00%, NO ,0, Q-   ,0, Q-   ,1, Q-   ,, Q-   , Q-   ,0.00%, NO ,0, Q-   ,0, Q-   ,1, Q-   ,, Q-   , Q-   ,0.00%, NO ,0, Q-   ,0, Q-   ,1, Q-   ,, Q-   , Q-   ,0.00%, NO ,0, Q-   ,0, Q-   ,1, Q-   ,, Q-   , Q-   ,0.00%, NO ,0, Q-   ,0, Q-   ,1, Q-   ,, Q-   , Q-   ,1.00%, SI ,0, Q-   ,0, Q-   ,1, Q67.44 ,, Q-   , Q67.44 ,0.00%, NO ,0, Q-   ,0, Q-   ,1, Q-   ,, Q-   , Q-   ,0.00%, NO ,0, Q-   ,0, Q-   ,1, Q-   ,, Q-   , Q-   ,0.35%,0, Q-   ,0, Q-   ,1, Q23.60 ,, Q-   , Q23.60 ,0, Q-   ,0, Q-   ,1, Q168.61 ,, Q-   , Q168.61 ,0, Q-   ,0, Q-   ,1, Q337.21 ,, Q-   , Q337.21 , -   ,-Q0.00 ,,,,,,,,,,,
,34,1002,Andrea Elizabeth Rodas / Roberto Morales,19/10/25,25,4.Plan de pagos," Q744,000.00 "," Q680,695.33 "," Q52,100.00 "," Q4,084.17 ", Q-   ," Q2,042.09 "," Q1,701.74 ", Q-   , Q-   , Q-   , Q-   , Q-   , Q-   , Q-   , Q-   ," Q9,189.39 "," Q17,017.38 "," Q34,034.77 ",,,, NO ,0, Q-   ,0, Q-   ,0, Q-   ,, Q-   , Q-   ,0, Q-   ,0, Q-   ,0, Q-   ,, Q-   , Q-   ,0, Q-   ,0, Q-   ,0, Q-   ,, Q-   , Q-   ,0, Q-   ,0, Q-   ,0, Q-   ,, Q-   , Q-   ,0.00%, NO ,0, Q-   ,0, Q-   ,0, Q-   ,, Q-   , Q-   ,0.00%, NO ,0, Q-   ,0, Q-   ,0, Q-   ,, Q-   , Q-   ,0.00%, NO ,0, Q-   ,0, Q-   ,0, Q-   ,, Q-   , Q-   ,0.00%, NO ,0, Q-   ,0, Q-   ,0, Q-   ,, Q-   , Q-   ,0.00%, NO ,0, Q-   ,0, Q-   ,0, Q-   ,, Q-   , Q-   ,0.00%, SI ,0, Q-   ,0, Q-   ,0, Q-   ,, Q-   , Q-   ,0.00%, NO ,0, Q-   ,0, Q-   ,0, Q-   ,, Q-   , Q-   ,0.00%, NO ,0, Q-   ,0, Q-   ,0, Q-   ,, Q-   , Q-   ,1.35%,0, Q-   ,0, Q-   ,0, Q-   ,, Q-   , Q-   ,0, Q-   ,0, Q-   ,0, Q-   ,, Q-   , Q-   ,0, Q-   ,0, Q-   ,0, Q-   ,, Q-   , Q-   , -   , Q-   ,,,,,,,,,,,
,35,1003,Alison Samara Vasquez Ortiz,31/10/25,25,4.Plan de pagos," Q744,000.00 "," Q680,695.33 "," Q52,100.00 "," Q4,084.17 ", Q-   ," Q2,042.09 "," Q1,701.74 ", Q-   , Q-   , Q-   , Q-   , Q-   , Q-   , Q-   , Q-   ," Q9,189.39 "," Q17,017.38 "," Q34,034.77 ",,,, NO ,0, Q-   ,0, Q-   ,0, Q-   ,, Q-   , Q-   ,0, Q-   ,0, Q-   ,0, Q-   ,, Q-   , Q-   ,0, Q-   ,0, Q-   ,0, Q-   ,, Q-   , Q-   ,0, Q-   ,0, Q-   ,0, Q-   ,, Q-   , Q-   ,0.00%, NO ,0, Q-   ,0, Q-   ,0, Q-   ,, Q-   , Q-   ,0.00%, NO ,0, Q-   ,0, Q-   ,0, Q-   ,, Q-   , Q-   ,0.00%, NO ,0, Q-   ,0, Q-   ,0, Q-   ,, Q-   , Q-   ,0.00%, NO ,0, Q-   ,0, Q-   ,0, Q-   ,, Q-   , Q-   ,0.00%, NO ,0, Q-   ,0, Q-   ,0, Q-   ,, Q-   , Q-   ,0.00%, SI ,0, Q-   ,0, Q-   ,0, Q-   ,, Q-   , Q-   ,0.00%, NO ,0, Q-   ,0, Q-   ,0, Q-   ,, Q-   , Q-   ,0.00%, NO ,0, Q-   ,0, Q-   ,0, Q-   ,, Q-   , Q-   ,1.35%,0, Q-   ,0, Q-   ,0, Q-   ,, Q-   , Q-   ,0, Q-   ,0, Q-   ,0, Q-   ,, Q-   , Q-   ,0, Q-   ,0, Q-   ,0, Q-   ,, Q-   , Q-   , -   , Q-   ,,,,,,,,,,,
,35,1004,Ludis Gonzalez Lopez,31/10/25,29,4.Plan de pagos," Q655,200.00 "," Q599,451.05 "," Q45,900.00 "," Q3,596.71 ", Q-   ," Q1,798.35 "," Q1,498.63 ", Q-   , Q-   , Q-   , Q-   , Q-   , Q-   ," Q5,994.51 ", Q-   ," Q2,098.08 "," Q14,986.28 "," Q29,972.55 "," Q3,000.00 ",,, SI ,1," Q1,079.01 ",0, Q-   ,0, Q-   ,, Q-   ," Q1,079.01 ",0, Q-   ,0, Q-   ,0, Q-   ,, Q-   , Q-   ,1, Q539.51 ,0, Q-   ,0, Q-   ,, Q-   , Q539.51 ,1, Q449.59 ,0, Q-   ,0, Q-   ,, Q-   , Q449.59 ,0.00%, NO ,1, Q-   ,0, Q-   ,0, Q-   ,, Q-   , Q-   ,0.00%, NO ,1, Q-   ,0, Q-   ,0, Q-   ,, Q-   , Q-   ,0.00%, NO ,1, Q-   ,0, Q-   ,0, Q-   ,, Q-   , Q-   ,0.00%, NO ,1, Q-   ,0, Q-   ,0, Q-   ,, Q-   , Q-   ,0.00%, NO ,1, Q-   ,0, Q-   ,0, Q-   ,, Q-   , Q-   ,0.00%, NO ,1, Q-   ,0, Q-   ,0, Q-   ,, Q-   , Q-   ,1.00%, SI ,1," Q1,798.35 ",0, Q-   ,0, Q-   ,, Q-   ," Q1,798.35 ",0.00%, NO ,1, Q-   ,0, Q-   ,0, Q-   ,, Q-   , Q-   ,0.35%,1, Q629.42 ,0, Q-   ,0, Q-   ,, Q-   , Q629.42 ,1," Q4,495.88 ",0, Q-   ,0, Q-   ,, Q-   ," Q4,495.88 ",1," Q8,991.77 ",0, Q-   ,0, Q-   ,, Q-   ," Q8,991.77 ", -   ," Q1,798.35 ",consultar traslado de fondos,,,,,,,,,,
,36,1007,Juliana Daniela Ortiz,24/11/25,25,4.Plan de pagos," Q744,000.00 "," Q680,695.33 "," Q52,100.00 "," Q4,084.17 ", Q-   ," Q2,042.09 "," Q1,701.74 ", Q-   , Q-   , Q-   , Q-   , Q-   ," Q6,806.95 ", Q-   , Q-   ," Q2,382.43 "," Q17,017.38 "," Q34,034.77 ",,,, NO ,0, Q-   ,0, Q-   ,0, Q-   ,, Q-   , Q-   ,0, Q-   ,0, Q-   ,0, Q-   ,, Q-   , Q-   ,0, Q-   ,0, Q-   ,0, Q-   ,, Q-   , Q-   ,0, Q-   ,0, Q-   ,0, Q-   ,, Q-   , Q-   ,0.00%, NO ,0, Q-   ,0, Q-   ,0, Q-   ,, Q-   , Q-   ,0.00%, NO ,0, Q-   ,0, Q-   ,0, Q-   ,, Q-   , Q-   ,0.00%, NO ,0, Q-   ,0, Q-   ,0, Q-   ,, Q-   , Q-   ,0.00%, NO ,0, Q-   ,0, Q-   ,0, Q-   ,, Q-   , Q-   ,0.00%, NO ,0, Q-   ,0, Q-   ,0, Q-   ,, Q-   , Q-   ,1.00%, SI ,0, Q-   ,0, Q-   ,0, Q-   ,, Q-   , Q-   ,0.00%, NO ,0, Q-   ,0, Q-   ,0, Q-   ,, Q-   , Q-   ,0.00%, NO ,0, Q-   ,0, Q-   ,0, Q-   ,, Q-   , Q-   ,0.35%,0, Q-   ,0, Q-   ,0, Q-   ,, Q-   , Q-   ,0, Q-   ,0, Q-   ,0, Q-   ,, Q-   , Q-   ,0, Q-   ,0, Q-   ,0, Q-   ,, Q-   , Q-   , -   , Q-   ,,,,,,,,,,,
,37,1009,Dulce María Ruíz Alvarado,20/12/25,07,4.Plan de pagos," Q744,000.00 "," Q680,695.33 "," Q52,100.00 "," Q4,084.17 ", Q-   ," Q2,042.09 "," Q1,701.74 ", Q-   , Q-   , Q-   ," Q6,806.95 ", Q-   , Q-   , Q-   , Q-   ," Q2,382.43 "," Q17,017.38 "," Q34,034.77 "," Q3,000.00 ",, Juan Pablo Állvarez Pérez Apto 1209 , SI ,1," Q1,225.25 ",0, Q-   ,0, Q-   ,, Q-   ," Q1,225.25 ",0, Q-   ,0, Q-   ,0, Q-   ,, Q-   , Q-   ,1, Q612.63 ,0, Q-   ,0, Q-   ,, Q-   , Q612.63 ,1, Q510.52 ,0, Q-   ,0, Q-   ,, Q-   , Q510.52 ,0.00%, NO ,1, Q-   ,0, Q-   ,0, Q-   ,, Q-   , Q-   ,0.00%, NO ,1, Q-   ,0, Q-   ,0, Q-   ,, Q-   , Q-   ,0.00%, NO ,1, Q-   ,0, Q-   ,0, Q-   ,, Q-   , Q-   ,1.00%, SI ,1," Q2,042.09 ",0, Q-   ,0, Q-   ,, Q-   ," Q2,042.09 ",0.00%, NO ,1, Q-   ,0, Q-   ,0, Q-   ,, Q-   , Q-   ,0.00%, NO ,1, Q-   ,0, Q-   ,0, Q-   ,, Q-   , Q-   ,0.00%, NO ,1, Q-   ,0, Q-   ,0, Q-   ,, Q-   , Q-   ,0.00%, NO ,1, Q-   ,0, Q-   ,0, Q-   ,, Q-   , Q-   ,0.35%,1, Q714.73 ,0, Q-   ,0, Q-   ,, Q-   , Q714.73 ,1," Q5,105.22 ",0, Q-   ,0, Q-   ,, Q-   ," Q5,105.22 ",1," Q10,210.43 ",0, Q-   ,0, Q-   ,, Q-   ," Q10,210.43 ", -   , Q0.00 ,,,,,,,,,,,
,36,1102,Zeus Anahel López Ojeda,25/11/25,07,4.Plan de pagos," Q744,000.00 "," Q680,695.33 "," Q52,100.00 "," Q4,084.17 ", Q-   ," Q2,042.09 "," Q1,701.74 ", Q-   , Q-   , Q-   ," Q6,806.95 ", Q-   , Q-   , Q-   , Q-   ," Q2,382.43 "," Q17,017.38 "," Q34,034.77 ",," Q3,000.00 ",, SI ,0, Q-   ,0, Q-   ,1, Q70.55 ,, Q-   , Q70.55 ,0, Q-   ,0, Q-   ,0, Q-   ,, Q-   , Q-   ,0, Q-   ,0, Q-   ,1, Q35.28 ,, Q-   , Q35.28 ,0, Q-   ,0, Q-   ,1, Q29.40 ,, Q-   , Q29.40 ,0.00%, NO ,0, Q-   ,0, Q-   ,1, Q-   ,, Q-   , Q-   ,0.00%, NO ,0, Q-   ,0, Q-   ,1, Q-   ,, Q-   , Q-   ,0.00%, NO ,0, Q-   ,0, Q-   ,1, Q-   ,, Q-   , Q-   ,1.00%, SI ,0, Q-   ,0, Q-   ,1, Q117.59 ,, Q-   , Q117.59 ,0.00%, NO ,0, Q-   ,0, Q-   ,1, Q-   ,, Q-   , Q-   ,0.00%, NO ,0, Q-   ,0, Q-   ,1, Q-   ,, Q-   , Q-   ,0.00%, NO ,0, Q-   ,0, Q-   ,1, Q-   ,, Q-   , Q-   ,0.00%, NO ,0, Q-   ,0, Q-   ,1, Q-   ,, Q-   , Q-   ,0.35%,0, Q-   ,0, Q-   ,1, Q41.16 ,, Q-   , Q41.16 ,0, Q-   ,0, Q-   ,1, Q293.97 ,, Q-   , Q293.97 ,0, Q-   ,0, Q-   ,1, Q587.93 ,, Q-   , Q587.93 , Q-   ,-Q0.00 ,,,,,,,,,,,
,36,1108,Daniel Rafael Bonilla Pérez y  Yohany Danissa Leonardo Bocanegra,24/11/25,07,4.Plan de pagos," Q744,000.00 "," Q680,695.33 "," Q52,100.00 "," Q4,084.17 ", Q-   ," Q2,042.09 "," Q1,701.74 ", Q-   , Q-   , Q-   ," Q6,806.95 ", Q-   , Q-   , Q-   , Q-   ," Q2,382.43 "," Q17,017.38 "," Q34,034.77 ",," Q2,232.00 ",, SI ,0, Q-   ,0, Q-   ,1, Q52.49 ,, Q-   , Q52.49 ,0, Q-   ,0, Q-   ,0, Q-   ,, Q-   , Q-   ,0, Q-   ,0, Q-   ,1, Q26.25 ,, Q-   , Q26.25 ,0, Q-   ,0, Q-   ,1, Q21.87 ,, Q-   , Q21.87 ,0.00%, NO ,0, Q-   ,0, Q-   ,1, Q-   ,, Q-   , Q-   ,0.00%, NO ,0, Q-   ,0, Q-   ,1, Q-   ,, Q-   , Q-   ,0.00%, NO ,0, Q-   ,0, Q-   ,1, Q-   ,, Q-   , Q-   ,1.00%, SI ,0, Q-   ,0, Q-   ,1, Q87.48 ,, Q-   , Q87.48 ,0.00%, NO ,0, Q-   ,0, Q-   ,1, Q-   ,, Q-   , Q-   ,0.00%, NO ,0, Q-   ,0, Q-   ,1, Q-   ,, Q-   , Q-   ,0.00%, NO ,0, Q-   ,0, Q-   ,1, Q-   ,, Q-   , Q-   ,0.00%, NO ,0, Q-   ,0, Q-   ,1, Q-   ,, Q-   , Q-   ,0.35%,0, Q-   ,0, Q-   ,1, Q30.62 ,, Q-   , Q30.62 ,0, Q-   ,0, Q-   ,1, Q218.71 ,, Q-   , Q218.71 ,0, Q-   ,0, Q-   ,1, Q437.42 ,, Q-   , Q437.42 , Q-   , Q0.00 ,,,,,,,,,,,
,32,1202,Doneli Abraham Molineros Mijangos,15/11/25,25,4.Plan de pagos," Q744,000.00 "," Q680,695.33 "," Q52,100.00 "," Q4,084.17 ", Q-   ," Q2,042.09 "," Q1,701.74 ", Q-   , Q-   , Q-   , Q-   , Q-   ," Q6,806.95 ", Q-   , Q-   ," Q2,382.43 "," Q17,017.38 "," Q34,034.77 ",," Q2,232.00 ",, SI ,0, Q-   ,0, Q-   ,1, Q52.49 ,, Q-   , Q52.49 ,0, Q-   ,0, Q-   ,0, Q-   ,, Q-   , Q-   ,0, Q-   ,0, Q-   ,1, Q26.25 ,, Q-   , Q26.25 ,0, Q-   ,0, Q-   ,1, Q21.87 ,, Q-   , Q21.87 ,0.00%, NO ,0, Q-   ,0, Q-   ,1, Q-   ,, Q-   , Q-   ,0.00%, NO ,0, Q-   ,0, Q-   ,1, Q-   ,, Q-   , Q-   ,0.00%, NO ,0, Q-   ,0, Q-   ,1, Q-   ,, Q-   , Q-   ,0.00%, NO ,0, Q-   ,0, Q-   ,1, Q-   ,, Q-   , Q-   ,0.00%, NO ,0, Q-   ,0, Q-   ,1, Q-   ,, Q-   , Q-   ,1.00%, SI ,0, Q-   ,0, Q-   ,1, Q87.48 ,, Q-   , Q87.48 ,0.00%, NO ,0, Q-   ,0, Q-   ,1, Q-   ,, Q-   , Q-   ,0.00%, NO ,0, Q-   ,0, Q-   ,1, Q-   ,, Q-   , Q-   ,0.35%,0, Q-   ,1, Q-   ,1, Q30.62 ,, Q-   , Q30.62 ,0, Q-   ,3, Q-   ,1, Q218.71 ,, Q-   , Q218.71 ,0, Q-   ,0, Q-   ,1, Q437.42 ,, Q-   , Q437.42 , -   , Q0.00 ,,,,,,,,,,,
,33,1203,Dulce Maria Molineros Mijangos,15/11/25,25,4.Plan de pagos," Q744,000.00 "," Q680,695.33 "," Q52,100.00 "," Q4,084.17 ", Q-   ," Q2,042.09 "," Q1,701.74 ", Q-   , Q-   , Q-   , Q-   , Q-   ," Q6,806.95 ", Q-   , Q-   ," Q2,382.43 "," Q17,017.38 "," Q34,034.77 ",," Q2,232.00 ",, SI ,0, Q-   ,0, Q-   ,1, Q52.49 ,, Q-   , Q52.49 ,0, Q-   ,0, Q-   ,0, Q-   ,, Q-   , Q-   ,0, Q-   ,0, Q-   ,1, Q26.25 ,, Q-   , Q26.25 ,0, Q-   ,0, Q-   ,1, Q21.87 ,, Q-   , Q21.87 ,0.00%, NO ,0, Q-   ,0, Q-   ,1, Q-   ,, Q-   , Q-   ,0.00%, NO ,0, Q-   ,0, Q-   ,1, Q-   ,, Q-   , Q-   ,0.00%, NO ,0, Q-   ,0, Q-   ,1, Q-   ,, Q-   , Q-   ,0.00%, NO ,0, Q-   ,0, Q-   ,1, Q-   ,, Q-   , Q-   ,0.00%, NO ,0, Q-   ,0, Q-   ,1, Q-   ,, Q-   , Q-   ,1.00%, SI ,0, Q-   ,0, Q-   ,1, Q87.48 ,, Q-   , Q87.48 ,0.00%, NO ,0, Q-   ,0, Q-   ,1, Q-   ,, Q-   , Q-   ,0.00%, NO ,0, Q-   ,0, Q-   ,1, Q-   ,, Q-   , Q-   ,0.35%,0, Q-   ,1, Q-   ,1, Q30.62 ,, Q-   , Q30.62 ,0, Q-   ,3, Q-   ,1, Q218.71 ,, Q-   , Q218.71 ,0, Q-   ,0, Q-   ,1, Q437.42 ,, Q-   , Q437.42 , -   , Q0.00 ,,,,,,,,,,,
,33,1204,Luisa Mayari Ramirez Bran,30/07/25,25,4.Plan de pagos," Q678,800.00 "," Q621,043.00 "," Q48,000.00 "," Q3,726.26 ", Q-   ," Q1,863.13 "," Q1,552.61 ", Q-   , Q-   , Q-   , Q-   , Q-   , Q-   , Q-   , Q-   ," Q8,384.08 "," Q15,526.08 "," Q31,052.15 ",,,, NO ,0, Q-   ,0, Q-   ,0, Q-   ,, Q-   , Q-   ,0, Q-   ,0, Q-   ,0, Q-   ,, Q-   , Q-   ,0, Q-   ,0, Q-   ,0, Q-   ,, Q-   , Q-   ,0, Q-   ,0, Q-   ,0, Q-   ,, Q-   , Q-   ,0.00%, NO ,0, Q-   ,0, Q-   ,0, Q-   ,, Q-   , Q-   ,0.00%, NO ,0, Q-   ,0, Q-   ,0, Q-   ,, Q-   , Q-   ,0.00%, NO ,0, Q-   ,0, Q-   ,0, Q-   ,, Q-   , Q-   ,0.00%, NO ,0, Q-   ,0, Q-   ,0, Q-   ,, Q-   , Q-   ,0.00%, NO ,0, Q-   ,0, Q-   ,0, Q-   ,, Q-   , Q-   ,0.00%, SI ,0, Q-   ,0, Q-   ,0, Q-   ,, Q-   , Q-   ,0.00%, NO ,0, Q-   ,0, Q-   ,0, Q-   ,, Q-   , Q-   ,0.00%, NO ,0, Q-   ,0, Q-   ,0, Q-   ,, Q-   , Q-   ,1.35%,0, Q-   ,1, Q-   ,0, Q-   ,, Q-   , Q-   ,0, Q-   ,3, Q-   ,0, Q-   ,, Q-   , Q-   ,0, Q-   ,0, Q-   ,0, Q-   ,, Q-   , Q-   , -   , Q-   ,,,,,,,,,,,
,34,1208,Luis Fernando Piano Mendez,15/12/25,25,4.Plan de pagos," Q744,000.00 "," Q680,695.33 "," Q52,100.00 "," Q4,084.17 ", Q-   ," Q2,042.09 "," Q1,701.74 ", Q-   , Q-   , Q-   , Q-   , Q-   ," Q6,806.95 ", Q-   , Q-   ," Q2,382.43 "," Q17,017.38 "," Q34,034.77 "," Q3,000.00 ",,, SI ,1," Q1,225.25 ",0, Q-   ,0, Q-   ,, Q-   ," Q1,225.25 ",0, Q-   ,0, Q-   ,0, Q-   ,, Q-   , Q-   ,1, Q612.63 ,0, Q-   ,0, Q-   ,, Q-   , Q612.63 ,1, Q510.52 ,0, Q-   ,0, Q-   ,, Q-   , Q510.52 ,0.00%, NO ,1, Q-   ,0, Q-   ,0, Q-   ,, Q-   , Q-   ,0.00%, NO ,1, Q-   ,0, Q-   ,0, Q-   ,, Q-   , Q-   ,0.00%, NO ,1, Q-   ,0, Q-   ,0, Q-   ,, Q-   , Q-   ,0.00%, NO ,1, Q-   ,0, Q-   ,0, Q-   ,, Q-   , Q-   ,0.00%, NO ,1, Q-   ,0, Q-   ,0, Q-   ,, Q-   , Q-   ,1.00%, SI ,1," Q2,042.09 ",0, Q-   ,0, Q-   ,, Q-   ," Q2,042.09 ",0.00%, NO ,1, Q-   ,0, Q-   ,0, Q-   ,, Q-   , Q-   ,0.00%, NO ,1, Q-   ,0, Q-   ,0, Q-   ,, Q-   , Q-   ,0.35%,1, Q714.73 ,1, Q-   ,0, Q-   ,, Q-   , Q714.73 ,1," Q5,105.22 ",3, Q-   ,0, Q-   ,, Q-   ," Q5,105.22 ",1," Q10,210.43 ",0, Q-   ,0, Q-   ,, Q-   ," Q10,210.43 ", -   , Q0.00 ,,,,,,,,,,,
,34,1209,Juan Pablo Álvarez Pérez,20/12/25,07,4.Plan de pagos," Q744,000.00 "," Q680,695.33 "," Q52,100.00 "," Q4,084.17 ", Q-   ," Q2,042.09 "," Q1,701.74 ", Q-   , Q-   , Q-   ," Q6,806.95 ", Q-   , Q-   , Q-   , Q-   ," Q2,382.43 "," Q17,017.38 "," Q34,034.77 "," Q3,000.00 ",,, SI ,1," Q1,225.25 ",0, Q-   ,0, Q-   ,, Q-   ," Q1,225.25 ",0, Q-   ,0, Q-   ,0, Q-   ,, Q-   , Q-   ,1, Q612.63 ,0, Q-   ,0, Q-   ,, Q-   , Q612.63 ,1, Q510.52 ,0, Q-   ,0, Q-   ,, Q-   , Q510.52 ,0.00%, NO ,1, Q-   ,0, Q-   ,0, Q-   ,, Q-   , Q-   ,0.00%, NO ,1, Q-   ,0, Q-   ,0, Q-   ,, Q-   , Q-   ,0.00%, NO ,1, Q-   ,0, Q-   ,0, Q-   ,, Q-   , Q-   ,1.00%, SI ,1," Q2,042.09 ",0, Q-   ,0, Q-   ,, Q-   ," Q2,042.09 ",0.00%, NO ,1, Q-   ,0, Q-   ,0, Q-   ,, Q-   , Q-   ,0.00%, NO ,1, Q-   ,0, Q-   ,0, Q-   ,, Q-   , Q-   ,0.00%, NO ,1, Q-   ,0, Q-   ,0, Q-   ,, Q-   , Q-   ,0.00%, NO ,1, Q-   ,0, Q-   ,0, Q-   ,, Q-   , Q-   ,0.35%,1, Q714.73 ,0, Q-   ,0, Q-   ,, Q-   , Q714.73 ,1," Q5,105.22 ",0, Q-   ,0, Q-   ,, Q-   ," Q5,105.22 ",1," Q10,210.43 ",0, Q-   ,0, Q-   ,, Q-   ," Q10,210.43 ", -   , Q0.00 ,,,,,,,,,,,
,34,1302,Edwin Estuardo Acevedo Salguero,30/11/25,34,4.Plan de pagos," Q744,000.00 "," Q680,695.33 "," Q52,100.00 "," Q4,084.17 ", Q-   ," Q2,042.09 "," Q1,701.74 ", Q-   , Q-   , Q-   , Q-   , Q-   , Q-   , Q-   ," Q6,806.95 "," Q2,382.43 "," Q17,017.38 "," Q34,034.77 ",,, Antonio Rada , NO ,0, Q-   ,0, Q-   ,0, Q-   ,, Q-   , Q-   ,0, Q-   ,0, Q-   ,0, Q-   ,, Q-   , Q-   ,0, Q-   ,0, Q-   ,0, Q-   ,, Q-   , Q-   ,0, Q-   ,0, Q-   ,0, Q-   ,, Q-   , Q-   ,0.00%, NO ,0, Q-   ,0, Q-   ,0, Q-   ,, Q-   , Q-   ,0.00%, NO ,0, Q-   ,0, Q-   ,0, Q-   ,, Q-   , Q-   ,0.00%, NO ,0, Q-   ,0, Q-   ,0, Q-   ,, Q-   , Q-   ,0.00%, NO ,0, Q-   ,0, Q-   ,0, Q-   ,, Q-   , Q-   ,0.00%, NO ,0, Q-   ,0, Q-   ,0, Q-   ,, Q-   , Q-   ,0.00%, NO ,0, Q-   ,0, Q-   ,0, Q-   ,, Q-   , Q-   ,0.00%, NO ,0, Q-   ,0, Q-   ,0, Q-   ,, Q-   , Q-   ,1.00%, SI ,0, Q-   ,0, Q-   ,0, Q-   ,, Q-   , Q-   ,0.35%,0, Q-   ,1, Q-   ,0, Q-   ,, Q-   , Q-   ,0, Q-   ,3, Q-   ,0, Q-   ,, Q-   , Q-   ,0, Q-   ,0, Q-   ,0, Q-   ,, Q-   , Q-   , -   , Q-   ,,,,,,,,,,,
,,,,,,,,,,,,,,,,,,,,,,,,,,,,,,,,,,,,,,,,,,,,,,,,,,,,,,,,,,,,,,,,,,,,,,,,,,,,,,,,,,,,,,,,,,,,,,,,,,,,,,,,,,,,,,,,,,,,,,,,,,,,,,,,,,,,,,,,,,,,,,,,,,,,,,,,,,,,,,,,,,,,,,,,,,,,,,,,,,,,,,,,,,,,,,,,,
,,,,,,,,,,,,,,,,,,,,,,,,,,,,,," Q5,980.02 ",, Q-   ,," Q1,699.02 ",, Q-   ," Q7,679.04 ",, Q-   ,, Q-   ,, Q-   ,, Q-   , Q-   ,," Q2,990.01 ",, Q-   ,, Q733.87 ,, Q-   ," Q3,723.88 ",," Q2,491.67 ",, Q-   ,, Q646.26 ,, Q-   ," Q3,137.94 ",,,, Q-   ,, Q-   ,, Q53.23 ,, Q-   , Q53.23 ,,,, Q-   , Q-   , Q-   , Q-   , Q-   ,, Q-   , Q-   ,,,, Q-   ,, Q-   ,, Q60.44 ,, Q-   , Q60.44 ,,,," Q6,126.26 ",, Q-   ,," Q1,182.69 ",, Q-   ," Q7,308.95 ",,,, Q-   ,, Q-   ,, Q-   ,, Q-   , Q-   ,,,," Q2,042.09 ",, Q-   ,," Q1,507.20 ",, Q-   ," Q3,549.29 ",,,," Q1,798.35 ",, Q-   ,, Q-   ,, Q-   ," Q1,798.35 ",,,, Q-   ,, Q-   ,, Q-   ,, Q-   , Q-   ,,," Q3,488.34 ",, Q-   ,," Q1,074.46 ",, Q-   ," Q4,562.81 ",," Q24,916.74 ",, Q-   ,," Q7,079.25 ",, Q-   ," Q31,996.00 ",," Q49,833.49 ",, Q-   ,," Q14,158.50 ",, Q-   ," Q63,991.99 ", Q-   ," Q1,920.43 ",,,,,,,,,,,
,,,ISR,,,,,,,,,,,,,,,,,,,,,,,,,,,,,,,,,, Q383.95 ,,,,,,,,, Q-   ,,,,,,,,, Q186.19 ,,,,,,,,, Q156.90 ,,,,,,,,,,, Q-   ,,,,,,,,,,,,,,,,,,,,,,,,,,,,,,,,,,,,,,,,,,,,,,,,,,,,,,, Q177.46 ,,,,,,,,,,, Q-   ,,,,,,,,,,, Q-   ,,,,,,,,,,,,,,,,,,,,,,,,,,,,,,,,,,,,,,,,,
,,,IVA,,,,,,,,,,,,,,,,,,,,,,,,,,,,,,,,,, Q921.48 ,,,,,,,,, Q-   ,,,,,,,,, Q446.87 ,,,,,,,,, Q376.55 ,,,,,,,,,,,,,,,,,,,,,,,,,,,,,,,,, Q7.25 ,,,,,,,,,,, Q-   ,,,,,,,,,,, Q-   ,,,,,,,,,,, Q425.91 ,,,,,,,,,,, Q215.80 ,,,,,,,,,,, Q-   ,,,,,,,,,,,,,,,,,,,,,,,,,,,,,,,,,,,,,,,,,
,,,TOTAL LIQUIDO A RECIBIR,,,,,,,,,,,,,,,,,,,,,,,,,,,,,,,,,," Q8,216.57 ",,,,,,,,, Q-   ,,,,,,,,," Q3,984.55 ",,,,,,,,," Q3,357.59 ",,,,,,,,,,, Q53.23 ,,,,,,,,,,,,,,,,,,,,,, Q67.69 ,,,,,,,,,,," Q7,308.95 ",,,,,,,,,,, Q-   ,,,,,,,,,,," Q3,797.74 ",,,,,,,,,,," Q2,014.16 ",,,,,,,,,,, Q-   ,,,,,,,,,,,,,,,,,,,,,,,,,,,,,,,,,,,,,,,,,
,,,TOTAL A FACTURAR,,,,,,,,,,,,,,,,,,,,,,,,,,,,,,,,,," Q8,600.52 ",,,,,,,,, Q-   ,,,,,,,,," Q4,170.74 ",,,,,,,,," Q3,514.49 ",,,,,,,,,,, Q53.23 ,,,,,,,,,,,,,,,,,,,,,, Q67.69 ,,,,,,,,,,," Q7,308.95 ",,,,,,,,,,, Q-   ,,,,,,,,,,," Q3,975.20 ",,,,,,,,,,," Q2,014.16 ",,,,,,,,,,, Q-   ,,,,,,,,,,,,,,,,,,,,,,,,,,,,,,,,,,,,,,,,,
,,,,,,,,,,,,,,,,,,,,,,,,,,,,,,,,,,,,,,,,,,,,,,,,,,,,,,,,,,,,,,,,,,,,,,,,,,,,,,,,,,,,,,,,,,,,,,,,,,,,,,,,,,,,,,,,,,,,,,,,,,,,,,,,,,,,,,,,,,,,,,,,,,,,,,,,,,,,,,,,,,,,,,,,,,,,,,,,,,,,,,,,,,,,,,,,,
,,,,Cantidad,Monto,,,,,,,,,,,,,,,,,,,," Q15,000.00 "," Q73,907.93 ",,,,,,,,,,,,,,,,,,,,,,,,,,,,,,,,,,,,,,,,,,,,,,,,,,,,,,,,,,,,,,,,,,,,,,,,,,,,,,,,,,,,,,,,,,,,,,,,,,,,,,,,,,,,,,,,,,,,,,,,,,,,,,,,,,,,,,,,,,,,,,,,,,,,,,,,,,,,,,,,,,,,,,,
,,,TOTAL DE APARTAMENTOS,78,,,,,,,,,,,,,,,,,,,,,," Q88,907.93 ",,,,,,,,,,,,,,,,,,,,,,,,,,,,,,,,,,,,,,,,,,,,,,,,,,,,,,,,,,,,,,,,,,,,,,,,,,,,,,,,,,,,,,,,,,,,,,,,,,,,,,,,,,,,,,,,,,,,,,,,,,,,,,,,,,,,,,,,,,,,,,,,,,,,,,,,,,,,,,,,,,,,,,,
,,,RESERVAS DEL MES SIN CALCULO DE COMISIONES,1, -   ,,,,,,,,,,,,,,,,,,,,," Q93,508.00 ",,,,,,,,,,,,,,,,,,,,,,,,,,,,,,,,,,,,,,,,,,,,,,,,,,,,,,,,,,,,,,,,,,,,,,,,,,,,,,,,,,,,,,,,,,,,,,,,,,,,,,,,,,,,,,,,,,,,,,,,,,,,,,,,,,,,,,,,,,,,,,,,,,,,,,,,,,,,,,,,,,,,,,,
,,,RESERVAS DE MESES ANTERIORES SIN CALCULO DE COMISIONES,0, -   ,,,,,,,,,,,,,,,,,,,,,"-Q4,600.07 ",,,,,,,,,,,,,,,,,,,,,,,,,,,,,,,,,,,,,,,,,,,,,,,,,,,,,,,,,,,,,,,,,,,,,,,,,,,,,,,,,,,,,,,,,,,,,,,,,,,,,,,,,,,,,,,,,,,,,,,,,,,,,,,,,,,,,,,,,,,,,,,,,,,,,,,,,,,,,,,,,,,,,,,
,,,TOTAL DE RESERVAS,1,,,,,,,,,,,,,,,,,,,,,, 204 / Desistido ,,,,,,,,,,,,,,,,,,,,,,,,,,,,,,,,,,,,,,,,,,,,,,,,,,,,,,,,,,,,,,,,,,,,,,,,,,,,,,,,,,,,,,,,,,,,,,,,,,,,,,,,,,,,,,,,,,,,,,,,,,,,,,,,,,,,,,,,,,,,,,,,,,,,,,,,,,,,,,,,,,,,,,,
,,,APARTAMENTO DISPONIBLES,0,,,,,,,,,,,,,,,,,,,,,,3000,,,,,,,,,,,,,,,,,,,,,,,,,,,,,,,,,,,,,,,,,,,,,,,,,,,,,,,,,,,,,,,,,,,,,,,,,,,,,,,,,,,,,,,,,,,,,,,,,,,,,,,,,,,,,,,,,,,,,,,,,,,,,,,,,,,,,,,,,,,,,,,,,,,,,,,,,,,,,,,,,,,,,,,
,,,,,,,,,,,,,,,,,,,,,,,,,,"-Q1,600.07 ",,,,,,,,,,,,,,,,,,,,,,,,,,,,,,,,,,,,,,,,,,,,,,,,,,,,,,,,,,,,,,,,,,,,,,,,,,,,,,,,,,,,,,,,,,,,,,,,,,,,,,,,,,,,,,,,,,,,,,,,,,,,,,,,,,,,,,,,,,,,,,,,,,,,,,,,,,,,,,,,,,,,,,,
,,,,,,,,,,,,,,,,,,,,,,,,,,,,,,,,,,,,,,,,,,,,,,,,,,,,,,,,,,,,,,,,,,,,,,,,,,,,,,,,,,,,,,,,,,,,,,,,,,,,,,,,,,,,,,,,,,,,,,,,,,,,,,,,,,,,,,,,,,,,,,,,,,,,,,,,,,,,,,,,,,,,,,,,,,,,,,,,,,,,,,,,,,,,,,,,,
,,,DESISTIMIENTOS,3,,,,,,,,,,,,,,,,,,,,,,,,,,,,,,,,,,,,,,,,,,,,,,,,,,,,,,,,,,,,,,,,,,,,,,,,,,,,,,,,,,,,,,,,,,,,,,,,,,,,,,,,,,,,,,,,,,,,,,,,,,,,,,,,,,,,,,,,,,,,,,,,,,,,,,,,,,,,,,,,,,,,,,,,,,,,,,,,,,,,,,,,,,,,,
,,,VENTA,6,,,,,,,,,,,,,,,,,,,,,,,,,,,,,,,,,,,,,,,,,,,,,,,,,,,,,,,,,,,,,,,,,,,,,,,,,,,,,,,,,,,,,,,,,,,,,,,,,,,,,,,,,,,,,,,,,,,,,,,,,,,,,,,,,,,,,,,,,,,,,,,,,,,,,,,,,,,,,,,,,,,,,,,,,,,,,,,,,,,,,,,,,,,,,
,,,MOVIMIENTO DEL MES,3,,,,,,,,,,,,,,,,,,,,,,,,,,,,,,,,,,,,,,,,,,,,,,,,,,,,,,,,,,,,,,,,,,,,,,,,,,,,,,,,,,,,,,,,,,,,,,,,,,,,,,,,,,,,,,,,,,,,,,,,,,,,,,,,,,,,,,,,,,,,,,,,,,,,,,,,,,,,,,,,,,,,,,,,,,,,,,,,,,,,,,,,,,,,,
,,,,,,,,,,,,,,,,,,,,,,,,,,,,,,,,,,,,,,,,,,,,,,,,,,,,,,,,,,,,,,,,,,,,,,,,,,,,,,,,,,,,,,,,,,,,,,,,,,,,,,,,,,,,,,,,,,,,,,,,,,,,,,,,,,,,,,,,,,,,,,,,,,,,,,,,,,,,,,,,,,,,,,,,,,,,,,,,,,,,,,,,,,,,,,,,,
,,,,,,,,,,,,,,,,,,,,,,,,,,,,,,,,,,,,,,,,,,,,,,,,,,,,,,,,,,,,,,,,,,,,,,,,,,,,,,,,,,,,,,,,,,,,,,,,,,,,,,,,,,,,,,,,,,,,,,,,,,,,,,,,,,,,,,,,,,,,,,,,,,,,,,,,,,,,,,,,,,,,,,,,,,,,,,,,,,,,,,,,,,,,,,,,,
,,,Anahí Cisneros: Código 24.,,,,,,,,,,,,,,,,,,,,,,,,,,,,,,,,,,,,,,,,,,,,,,,,,,,,,,,,,,,,,,,,,,,,,,,,,,,,,,,,,,,,,,,,,,,,,,,,,,,,,,,,,,,,,,,,,,,,,,,,,,,,,,,,,,,,,,,,,,,,,,,,,,,,,,,,,,,,,,,,,,,,,,,,,,,,,,,,,,,,,,,,,,,,,,
,,,Jose Guiterrez: Código 25.,,,,,,,,,,,,,,,,,,,,,,,,,,,,,,,,,,,,,,,,,,,,,,,,,,,,,,,,,,,,,,,,,,,,,,,,,,,,,,,,,,,,,,,,,,,,,,,,,,,,,,,,,,,,,,,,,,,,,,,,,,,,,,,,,,,,,,,,,,,,,,,,,,,,,,,,,,,,,,,,,,,,,,,,,,,,,,,,,,,,,,,,,,,,,,
,,,Laura Molina: Código 26.,,,,,,,,,,,,,,,,,,,,,,,,,,,,,,,,,,,,,,,,,,,,,,,,,,,,,,,,,,,,,,,,,,,,,,,,,,,,,,,,,,,,,,,,,,,,,,,,,,,,,,,,,,,,,,,,,,,,,,,,,,,,,,,,,,,,,,,,,,,,,,,,,,,,,,,,,,,,,,,,,,,,,,,,,,,,,,,,,,,,,,,,,,,,,,
,,,Pablo Marroquin: Código 27.,,,,,,,,,,,,,,,,,,,,,,,,,,,,,,,,,,,,,,,,,,,,,,,,,,,,,,,,,,,,,,,,,,,,,,,,,,,,,,,,,,,,,,,,,,,,,,,,,,,,,,,,,,,,,,,,,,,,,,,,,,,,,,,,,,,,,,,,,,,,,,,,,,,,,,,,,,,,,,,,,,,,,,,,,,,,,,,,,,,,,,,,,,,,,,
,,,,,,,,,,,,,,,,,,,,,,,,,,,,,,,,,,,,,,,,,,,,,,,,,,,,,,,,,,,,,,,,,,,,,,,,,,,,,,,,,,,,,,,,,,,,,,,,,,,,,,,,,,,,,,,,,,,,,,,,,,,,,,,,,,,,,,,,,,,,,,,,,,,,,,,,,,,,,,,,,,,,,,,,,,,,,,,,,,,,,,,,,,,,,,,,,