,,,,,,,,,,,,,,,,,,,,,,,,,,,,,,,,,,,,,,,,,,,,,
,"INVERSIONES DE CASTILLA, S.A.",,,,,,,,,,,,,,,,,,,,,,,,,,,,,,,,,,,,,,,,,,,,
,BOSQUES LAS TAPIAS,,,26/01/26,,,,,,,,,,,,,,,,,,,,,,,,,,,,,,,,,,,,,,,,,
,#N/A,,,,,,,,,,,,,,,,,,,,,,,,,,,,,,,,,,,,,,,,,,,,
,1,2,3,4,5,6,7,8,9,10,11,12,13,14,15,16,17,18,19,20,,,,,,,,,,,,,,,,**,,,,,,,,,
,Apto,Tipo / Modelo,Torre,Vendedor,Cliente,Fecha Reserva,Estatus,Precio de Venta,Enganche,Mar-25,Apr-25,May-25,Jun-25,Jul-25,Aug-25,Sep-25,Oct-25,Nov-25,Dec-25,Jan-26,TOTAL COBROS Y RESERVAS,% Cobro,SALDO PENDIENTE ENGANCHE,% Pendiente,Monto a Financiar por Banco,% a Financiar,Proyección de Cobros (S/ Modelo Financiero),Status inmueble,Status Cliente,Cuotas Pactadas,Cuota de Enganche,Total cuotas pactadas,Monto de Reserva Pactado,Monto de Cuota Pactada, Cuotas Pagadas , Cantidad de cuotas que deben estar pagadas por el cliente , Monto que debe estar cancelado a la fecha , Monto pagado de cuotas a la fecha , Enganche + Cuotas Extraordinarias Pagadas , Diferencia , Cobro adicional a lo pactado , Cobro no realizado según lo pactado , Cuotas , Caso Especial / F&F , Observaciones 
,101,A PLUS,C,,Favio Javier Estrada Quiñonez y Candida Eva Daniela Ramirez Lopez,15/06/25,4. Plan de Pagos," 665,200.00 "," 46,600.00 ",,,, -   ,,," 3,000.00 "," 2,000.00 "," 2,000.00 "," 2,000.00 ",," 9,000.00 ",19%,"-37,600.00 ",-81%," 656,200.00 ",98.65%," 46,600.00 ",Vendido,Cliente al día, 26 , 1 , 27 ," 1,500.00 "," 1,653.85 ",0,7," 1,500 ", -   ," 9,000 ", -   ," 7,500 ", 5 , 1 ,,
,102,C PLUS,C,,,,1.Disponible," 995,500.00 "," 69,685.00 ",,,,,,, -   , -   , -   ,,, -   ,0%, -   ,0%," 995,500.00 ",100.00%, -   ,Apartamento Disponible,Disponible,, -   , -   ,,,0,, -   , -   , -   , -   , -   , -   , -   ,,
,103,C PLUS,C,,,,1.Disponible," 995,500.00 "," 69,685.00 ",,,,,,, -   , -   , -   ,,, -   ,0%, -   ,0%," 995,500.00 ",100.00%, -   ,Apartamento Disponible,Disponible,, -   , -   ,,,0,, -   , -   , -   , -   , -   , -   , -   ,,
,104,A PLUS,C,José Gutierrez,CARLOS ALFONSO CASTRO MARTINEZ,18/07/25,4. Plan de Pagos," 655,200.00 "," 45,864.00 ",,,,," 3,000.00 ",," 3,307.70 ", -   , -   ,,," 6,307.70 ",14%,"-39,556.30 ",-86%," 648,892.30 ",99.04%," 45,864.00 ",Vendido,Cliente al día, 26 , 1 , 27 ," 3,000.00 "," 1,653.85 ",0,6," 3,000 ", -   ," 6,308 ", -   ," 3,308 ", -   , -   ,,
,105,A PLUS,C,,BRANDON OSWALDO PONCE PÉREZ Y KATERINE ANDREA LUCIA MARTÍNEZ MEJÍA,27/06/25,4. Plan de Pagos," 655,200.00 "," 46,000.00 ",,,," 1,500.00 "," 1,500.00 ",," 1,654.00 ", -   , -   ,,," 4,654.00 ",10%,"-41,346.00 ",-90%," 650,546.00 ",99.29%," 46,000.00 ",Vendido,Cliente al día, 26 , 1 , 27 ," 1,500.00 "," 1,653.85 ",0,6," 1,500 "," 3,000 "," 1,654 ", -   ," 3,154 ", -   , -   ,,
,106,B PLUS,C,,NATANAEL DE JESUS GAITAN GOMEZ,28/07/25,4. Plan de Pagos," 847,700.00 "," 59,339.00 ",,,,," 3,000.00 ",, -   ," 6,346.14 "," 2,115.38 "," 2,115.38 "," 2,115.38 "," 15,692.28 ",26%,"-43,646.72 ",-74%," 832,007.72 ",98.15%," 59,339.00 ",Vendido,Cliente al día,, -   , -   ,,,0,5, -   , -   , -   ," 15,692 "," 15,692 ", -   ,#DIV/0!,,
,107,C PLUS,C,José Gutierrez,SARAI DEL ROSARIO MURALLES NAVAS DE GARCIA / LUIS ENRIQUE GARCIA TEBELAN,28/07/25,4. Plan de Pagos," 995,700.00 "," 69,699.00 ",,,,," 3,000.00 "," 2,192.31 ", -   ," 2,192.31 "," 2,192.31 "," 2,192.31 "," 2,192.31 "," 13,961.55 ",20%,"-55,737.45 ",-80%," 981,738.45 ",98.60%," 69,699.00 ",Vendido,Cliente al día,, -   , -   ,,,0,5, -   , -   , -   ," 13,962 "," 13,962 ", -   ,#DIV/0!,,
,108,C PLUS,C,,,,1.Disponible," 995,700.00 "," 69,699.00 ",,,,,,, -   , -   , -   ,,, -   ,0%, -   ,0%," 995,700.00 ",100.00%, -   ,Apartamento Disponible,Disponible,, -   , -   ,,,0,, -   , -   , -   , -   , -   , -   , -   ,,
,109,B PLUS,C,,,,1.Disponible," 847,700.00 "," 59,339.00 ",,,,,,, -   , -   , -   ,,, -   ,0%, -   ,0%," 847,700.00 ",100.00%, -   ,Apartamento Disponible,Disponible,, -   , -   ,,,0,, -   , -   , -   , -   , -   , -   , -   ,,
,201,A ,C,,,,1.Disponible," 622,000.00 "," 43,540.00 ",,,,,,, -   , -   , -   ,,, -   ,0%, -   ,0%," 622,000.00 ",100.00%, -   ,Apartamento Disponible,Disponible,, -   , -   ,,,0,, -   , -   , -   , -   , -   , -   , -   ,,
,202,C ,C,Paula Hernandez,MARIO RENATO GUALIN REYES,30/12/25,1.Disponible," 817,300.00 "," 57,211.00 ",,,,,,, -   , -   , -   ," 3,000.00 ",," 3,000.00 ",5%,"-54,211.00 ",-95%," 814,300.00 ",99.63%," 57,211.00 ",Vendido,Cliente al día,, -   , -   ,,,0,, -   , -   , -   ," 3,000 "," 3,000 ", -   ,#DIV/0!,,
,203,C ,C,,,,1.Disponible," 817,300.00 "," 57,211.00 ",,,,,,, -   , -   , -   ,,, -   ,0%, -   ,0%," 817,300.00 ",100.00%, -   ,Apartamento Disponible,Disponible,, -   , -   ,,,0,, -   , -   , -   , -   , -   , -   , -   ,,
,204,A ,C,,,,1.Disponible," 622,000.00 "," 43,540.00 ",,,,,,, -   , -   , -   ,,, -   ,0%, -   ,0%," 622,000.00 ",100.00%, -   ,,Cliente Atrasado,, -   , -   ,,,0,, -   , -   , -   , -   , -   , -   , -   ,,
,205,A ,C,,,,1.Disponible," 622,000.00 "," 43,540.00 ",,,,,,, -   , -   , -   ,,, -   ,0%, -   ,0%," 622,000.00 ",100.00%, -   ,Apartamento Disponible,Disponible,, -   , -   ,,,0,, -   , -   , -   , -   , -   , -   , -   ,,
,206,B ,C,,,,1.Disponible," 794,400.00 "," 55,608.00 ",,,,,,, -   , -   , -   ,,, -   ,0%, -   ,0%," 794,400.00 ",100.00%, -   ,Apartamento Disponible,Disponible,, -   , -   ,,,0,, -   , -   , -   , -   , -   , -   , -   ,,
,207,C ,C,,,,1.Disponible," 817,300.00 "," 57,211.00 ",,,,,,, -   , -   , -   ,,, -   ,0%, -   ,0%," 817,300.00 ",100.00%, -   ,Apartamento Disponible,Disponible,, -   , -   ,,,0,, -   , -   , -   , -   , -   , -   , -   ,,
,208,C ,C,,,,1.Disponible," 817,300.00 "," 57,211.00 ",,,,,,, -   , -   , -   ,,, -   ,0%, -   ,0%," 817,300.00 ",100.00%, -   ,Apartamento Disponible,Disponible,, -   , -   ,,,0,, -   , -   , -   , -   , -   , -   , -   ,,
,209,B ,C,,,,1.Disponible," 794,400.00 "," 55,608.00 ",,,,,,, -   , -   , -   ,,, -   ,0%, -   ,0%," 794,400.00 ",100.00%, -   ,Apartamento Disponible,Disponible,, -   , -   ,,,0,, -   , -   , -   , -   , -   , -   , -   ,,
,301,A ,C,,,,1.Disponible," 622,000.00 "," 43,540.00 ",,,,,,, -   , -   , -   ,,, -   ,0%, -   ,0%," 622,000.00 ",100.00%, -   ,Apartamento Disponible,Disponible,, -   , -   ,,,0,, -   , -   , -   , -   , -   , -   , -   ,,
,302,C ,C,José Gutierrez,Claudia Maria Gatica Ramirez,8/01/26,2.Reservado," 817,300.00 "," 57,211.00 ",,,,,,, -   , -   , -   ,," 3,000.00 "," 3,000.00 ",5%,"-54,211.00 ",-95%," 814,300.00 ",99.63%," 57,211.00 ",Vendido,Cliente al día,, -   , -   ,,,0,, -   , -   , -   ," 3,000 "," 3,000 ", -   ,#DIV/0!,,
,303,C ,C,Paula Hernandez,Luis Armando Chávez Camo,9/11/25,2.Reservado," 744,000.00 "," 52,100.00 ",,,,,,, -   , -   ," 3,000.00 "," 2,332.00 "," 2,232.00 "," 7,564.00 ",15%,"-44,536.00 ",-85%," 736,436.00 ",98.98%," 52,100.00 ",Vendido,Cliente al día,, -   , -   ,,,0,2, -   , -   , -   ," 7,564 "," 7,564 ", -   ,#DIV/0!,,
,304,A ,C,,,,1.Disponible," 622,000.00 "," 43,540.00 ",,,,,,, -   , -   , -   ,,, -   ,0%, -   ,0%," 622,000.00 ",100.00%, -   ,Apartamento Disponible,Disponible,, -   , -   ,,,0,, -   , -   , -   , -   , -   , -   , -   ,,
,305,A ,C,,,,1.Disponible," 622,000.00 "," 43,540.00 ",,,,,,, -   , -   , -   ,,, -   ,0%, -   ,0%," 622,000.00 ",100.00%, -   ,Apartamento Disponible,Disponible,, -   , -   ,,,0,, -   , -   , -   , -   , -   , -   , -   ,,
,306,B ,C,,,,1.Disponible," 794,400.00 "," 55,608.00 ",,,,,,, -   , -   , -   ,,, -   ,0%, -   ,0%," 794,400.00 ",100.00%, -   ,Apartamento Disponible,Disponible,, -   , -   ,,,0,, -   , -   , -   , -   , -   , -   , -   ,,
,307,C ,C,,,,1.Disponible," 926,600.00 "," 64,862.00 ",,,,,,, -   , -   , -   ,,, -   ,0%, -   ,0%," 926,600.00 ",100.00%, -   ,Apartamento Disponible,Disponible,, -   , -   ,,,0,, -   , -   , -   , -   , -   , -   , -   ,,
,308,C ,C,,,,1.Disponible," 926,600.00 "," 64,862.00 ",,,,,,, -   , -   , -   ,,, -   ,0%, -   ,0%," 926,600.00 ",100.00%, -   ,Apartamento Disponible,Disponible,, -   , -   ,,,0,, -   , -   , -   , -   , -   , -   , -   ,,
,309,B ,C,,,,1.Disponible," 794,400.00 "," 55,608.00 ",,,,,,, -   , -   , -   ,,, -   ,0%, -   ,0%," 794,400.00 ",100.00%, -   ,Apartamento Disponible,Disponible,, -   , -   ,,,0,, -   , -   , -   , -   , -   , -   , -   ,,
,401,A ,C,,CARLOS EDUARDO CELADA,1/08/25,4. Plan de Pagos," 622,000.00 "," 43,540.00 ",,,,,," 3,000.00 "," 1,640.00 "," 1,640.00 "," 1,640.00 "," 1,640.00 "," 1,640.00 "," 11,200.00 ",26%,"-32,340.00 ",-74%," 610,800.00 ",98.20%," 43,540.00 ",Vendido,Cliente al día,, -   , -   ,,,0,5, -   , -   , -   ," 11,200 "," 11,200 ", -   ,#DIV/0!,,
,402,C ,C,Pedro Pablo Sarti,Lina Judith Conde Gomez de León ,26/05/25,4. Plan de Pagos," 898,802.00 "," 60,002.00 ",,," 3,000.00 "," 2,142.93 "," 2,142.93 "," 2,142.93 "," 2,142.93 "," 2,142.93 "," 2,142.93 "," 2,142.93 "," 2,142.93 "," 20,143.44 ",34%,"-39,858.56 ",-66%," 878,658.56 ",97.76%," 60,002.00 ",Vendido,Cliente al día, 28 , 1 , 29 ," 3,000.00 "," 2,142.93 ",8,8," 20,143 "," 17,143 "," 3,000 ", 0 , -   , -   , -   ,,
,403,C ,C,,,,1.Disponible," 926,600.00 "," 64,862.00 ",,,,,,, -   , -   , -   ,,, -   ,0%, -   ,0%," 926,600.00 ",100.00%, -   ,Apartamento Disponible,Disponible,, -   , -   ,,,0,, -   , -   , -   , -   , -   , -   , -   ,,
,404,A ,C,,,,1.Disponible," 622,000.00 "," 43,540.00 ",,,,,,, -   , -   , -   ,,, -   ,0%, -   ,0%," 622,000.00 ",100.00%, -   ,Apartamento Disponible,Disponible,, -   , -   ,,,0,, -   , -   , -   , -   , -   , -   , -   ,,
,405,C,C,José Gutierrez,MARIA CRISTINA ESTRADA DONIS/DANIELA MARIBEL CORONADO ESTRADA,27/12/25,2.Reservado," 622,000.00 "," 43,540.00 ",,,,,,, -   , -   , -   ," 1,000.00 ",," 1,000.00 ",2%,"-42,540.00 ",-98%," 621,000.00 ",99.84%," 43,540.00 ",Vendido,Cliente al día,, -   , -   ,,,0,, -   , -   , -   ," 1,000 "," 1,000 ", -   ,#DIV/0!,,
,406,B ,C,,,,1.Disponible," 794,400.00 "," 55,608.00 ",,,,,,, -   , -   , -   ,,, -   ,0%, -   ,0%," 794,400.00 ",100.00%, -   ,Apartamento Disponible,Disponible,, -   , -   ,,,0,, -   , -   , -   , -   , -   , -   , -   ,,
,407,C ,C,,,,1.Disponible," 926,600.00 "," 64,862.00 ",,,,,,, -   , -   , -   ,,, -   ,0%, -   ,0%," 926,600.00 ",100.00%, -   ,Apartamento Disponible,Disponible,, -   , -   ,,,0,, -   , -   , -   , -   , -   , -   , -   ,,
,408,C ,C,,,,1.Disponible," 926,600.00 "," 64,862.00 ",,,,,,, -   , -   , -   ,,, -   ,0%, -   ,0%," 926,600.00 ",100.00%, -   ,Apartamento Disponible,Disponible,, -   , -   ,,,0,, -   , -   , -   , -   , -   , -   , -   ,,
,409,B ,C,,,,1.Disponible," 794,400.00 "," 55,608.00 ",,,,,,, -   , -   , -   ,,, -   ,0%, -   ,0%," 794,400.00 ",100.00%, -   ,Apartamento Disponible,Disponible,, -   , -   ,,,0,, -   , -   , -   , -   , -   , -   , -   ,,
,501,A ,C,Efrén Sanchez,Kenneth David Cetino y Angie Nohelia Recinos Villacorta,17/05/25,4. Plan de Pagos," 603,340.00 "," 60,340.00 ",, -   ," 3,000.00 "," 2,047.64 "," 4,095.28 ", -   ," 2,047.64 "," 2,047.64 "," 2,047.64 "," 2,047.64 "," 2,047.64 "," 19,381.12 ",32%,"-40,958.88 ",-68%," 583,958.88 ",96.79%," 60,340.00 ",Vendido,Cliente al día, 28 , 1 , 29 ," 3,000.00 "," 2,047.64 ",6,8," 15,286 "," 12,286 "," 7,095 ", -   ," 4,095 ", -   , -   ,,
,502,C ,C,,Byron Omar Yapur Ponce,16/10/25,2.Reservado," 744,000.00 "," 52,100.00 ",,,,,,, -   , 500.00 , -   ," 2,500.00 ",," 3,000.00 ",6%,"-49,100.00 ",-94%," 741,000.00 ",99.60%," 52,100.00 ",Vendido,Cliente al día,, -   , -   ,,,0,3, -   , -   , -   ," 3,000 "," 3,000 ", -   ,#DIV/0!,,
,503,C ,C,,ALBERT FRANCESCOLI DE JESUS ORTIZ PINEDA/ANA GABRIELA MORALES CHAJON,12/10/25,2.Reservado," 744,000.00 "," 52,100.00 ",,,,,,, -   ," 3,000.00 "," 2,135.00 ",," 2,135.00 "," 7,270.00 ",14%,"-44,830.00 ",-86%," 736,730.00 ",99.02%," 52,100.00 ",Vendido,Cliente al día,, -   , -   ,,,0,3, -   , -   , -   ," 7,270 "," 7,270 ", -   ,#DIV/0!,,
,504,A ,C,Paula Hernandez,Zoila Josabeth Lantan López  y Jose Andres Pich Cuxulic,18/07/25,4. Plan de Pagos," 622,000.00 "," 43,540.00 ",,,,," 3,000.00 "," 31,000.00 ", -   , -   , -   ,,," 34,000.00 ",78%,"-9,540.00 ",-22%," 588,000.00 ",94.53%," 43,540.00 ",Vendido,Cliente al día, 26 , 1 , 27 ," 3,000.00 "," 1,576.92 ",0,6," 3,000 ", -   ," 34,000 ", -   ," 31,000 ", -   , -   ,,
,505,A ,C,,Lester Canahui / Brena Aguilar,15/06/25,4. Plan de Pagos," 622,000.00 "," 44,000.00 ",,,, -   ," 3,000.00 "," 1,576.92 ", -   , -   , -   ,,," 4,576.92 ",10%,"-39,423.08 ",-90%," 617,423.08 ",99.26%," 44,000.00 ",Vendido,Cliente al día, 26 , 1 , 27 ," 1,500.00 "," 1,576.92 ",0,7," 1,500 "," 1,577 "," 3,000 ", -   ," 3,077 ", -   , -   ,,
,506,B ,C,Antonio Rada,Shirley Hilene Recinos,17/05/25,4. Plan de Pagos," 770,568.00 "," 50,968.00 ",, -   ," 3,000.00 "," 1,820.29 "," 1,820.29 "," 1,820.29 "," 1,820.29 "," 3,417.29 "," 1,820.29 "," 1,820.29 "," 1,820.29 "," 19,159.32 ",38%,"-31,808.68 ",-62%," 751,408.68 ",97.51%," 50,968.00 ",Vendido,Cliente al día, 28 , 1 , 29 ," 3,000.00 "," 1,820.29 ",7,8," 15,742 "," 12,742 "," 6,417 ", -   ," 3,417 ", -   , -   ,,
,507,C ,C,,,,1.Disponible," 926,600.00 "," 64,862.00 ",,,,,,, -   , -   , -   ,,, -   ,0%, -   ,0%," 926,600.00 ",100.00%, -   ,Apartamento Disponible,Disponible,, -   , -   ,,,0,, -   , -   , -   , -   , -   , -   , -   ,,
,508,C ,C,,,,1.Disponible," 926,600.00 "," 64,862.00 ",,,,,,, -   , -   , -   ,,, -   ,0%, -   ,0%," 926,600.00 ",100.00%, -   ,Apartamento Disponible,Disponible,, -   , -   ,,,0,, -   , -   , -   , -   , -   , -   , -   ,,
,509,B ,C,,,,1.Disponible," 794,400.00 "," 55,608.00 ",,,,,,, -   , -   , -   ,,, -   ,0%, -   ,0%," 794,400.00 ",100.00%, -   ,Apartamento Disponible,Disponible,, -   , -   ,,,0,, -   , -   , -   , -   , -   , -   , -   ,,
,601,A ,C,Paula Hernandez,Claudia Anaí Franco Díaz,8/09/25,4. Plan de Pagos," 636,400.00 "," 44,600.00 ",,,,,,," 3,000.00 "," 1,734.00 "," 1,734.00 "," 1,734.00 "," 1,734.00 "," 9,936.00 ",22%,"-34,664.00 ",-78%," 626,464.00 ",98.44%," 44,600.00 ",Vendido,Cliente al día,, -   , -   ,,,0,4, -   , -   , -   ," 9,936 "," 9,936 ", -   ,#DIV/0!,,
,602,C ,C,,JULIO ERNESTO GARCIA ARCHILA / BLANCA ESTELA GONZALEZ CEDILLO,12/10/25,2.Reservado," 744,000.00 "," 52,100.00 ",,,,,,, -   ," 3,000.00 "," 3,000.00 "," 3,000.00 "," 3,000.00 "," 12,000.00 ",23%,"-40,100.00 ",-77%," 732,000.00 ",98.39%," 52,100.00 ",Vendido,Cliente al día,, -   , -   ,,,0,3, -   , -   , -   ," 12,000 "," 12,000 ", -   ,#DIV/0!,,
,603,C ,C,José Gutierrez,Jeennifer Paola Martinez Cruz de Fajardo,16/11/25,2.Reservado," 744,000.00 "," 52,100.00 ",,,,,,, -   , -   ," 2,000.00 ",,," 2,000.00 ",4%,"-50,100.00 ",-96%," 742,000.00 ",99.73%," 52,100.00 ",Vendido,Cliente al día,, -   , -   ,,,0,2, -   , -   , -   ," 2,000 "," 2,000 ", -   ,#DIV/0!,,
,604,A ,C,,LILIAN JEANETTE PAZ GARCÍA,26/07/25,4. Plan de Pagos," 636,400.00 "," 44,548.00 ",,,,," 3,000.00 "," 1,597.00 ", -   ," 1,597.00 ", -   ," 3,194.00 ",," 9,388.00 ",21%,"-35,160.00 ",-79%," 627,012.00 ",98.52%," 44,548.00 ",Vendido,Cliente al día,, -   , -   ,,,0,6, -   , -   , -   ," 9,388 "," 9,388 ", -   ,#DIV/0!,,
,605,A ,C,,JOSUE ROBERTO FAJARDO CHIGUIL Y EMILLY JAZMIN VASQUEZ MORALES,3/08/25,4. Plan de Pagos," 636,400.00 "," 44,548.00 ",,,,,," 3,000.00 "," 1,680.00 "," 1,680.00 "," 1,680.00 "," 1,680.00 ",," 9,720.00 ",22%,"-34,828.00 ",-78%," 626,680.00 ",98.47%," 44,548.00 ",Vendido,Cliente al día,, -   , -   ,,,0,5, -   , -   , -   ," 9,720 "," 9,720 ", -   ,#DIV/0!,,
,606,B ,C,,,,1.Disponible," 813,000.00 "," 56,910.00 ",,,,,,, -   , -   , -   ,,, -   ,0%, -   ,0%," 813,000.00 ",100.00%, -   ,Apartamento Disponible,Disponible,, -   , -   ,,,0,, -   , -   , -   , -   , -   , -   , -   ,,
,607,C ,C,,,,1.Disponible," 945,900.00 "," 66,213.00 ",,,,,,, -   , -   , -   ,,, -   ,0%, -   ,0%," 945,900.00 ",100.00%, -   ,Apartamento Disponible,Disponible,, -   , -   ,,,0,, -   , -   , -   , -   , -   , -   , -   ,,
,608,C ,C,Paula Hernandez,Jefersón Michael Sandoval Orozco y Helen Susana Cano Ruballo,22/12/25,1.Disponible," 945,900.00 "," 66,213.00 ",,,,,,, -   , -   , -   ," 3,000.00 "," 1,500.00 "," 4,500.00 ",7%,"-61,713.00 ",-93%," 941,400.00 ",99.52%," 66,213.00 ",Vendido,Cliente al día,, -   , -   ,,,0,1, -   , -   , -   ," 4,500 "," 4,500 ", -   ,#DIV/0!,,
,609,B ,C,,,,1.Disponible," 813,000.00 "," 56,910.00 ",,,,,,, -   , -   , -   ,,, -   ,0%, -   ,0%," 813,000.00 ",100.00%, -   ,Apartamento Disponible,Disponible,, -   , -   ,,,0,, -   , -   , -   , -   , -   , -   , -   ,,
,701,A ,C,Pedro Pablo Sarti,Manolo de Jesús Milian Martínez,25/04/25,4. Plan de Pagos," 636,400.00 "," 63,700.00 ",," 5,000.00 "," 2,174.07 "," 2,174.07 "," 2,174.07 "," 2,174.07 "," 2,174.07 "," 2,174.07 "," 2,174.07 ",,," 20,218.49 ",32%,"-43,481.51 ",-68%," 616,181.51 ",96.82%," 63,700.00 ",Vendido,Cliente al día, 27 , 1 , 28 ," 5,000.00 "," 2,147.07 ",7,9," 20,029 ", -   ," 20,218 ", -   , 189 , -   , -   ,,
,702,C ,C,José Gutierrez,DEREK JAFETTE PINEDA SAMAYOA/ KATHERINE GUISELE SAZO ROCHE,2/09/25,4. Plan de Pagos," 744,000.00 "," 52,100.00 ",,,,,,," 3,000.00 "," 2,046.00 "," 2,046.00 "," 2,046.00 ",," 9,138.00 ",18%,"-42,962.00 ",-82%," 734,862.00 ",98.77%," 52,100.00 ",Vendido,Cliente al día,, -   , -   ,,,0,4, -   , -   , -   ," 9,138 "," 9,138 ", -   ,#DIV/0!,,
,703,C ,C,,Pedro Alberto Garcia Guzman,18/10/25,2.Reservado," 744,000.00 "," 52,100.00 ",,,,,,, -   ," 3,000.00 "," 2,135.00 "," 2,135.00 "," 2,135.00 "," 9,405.00 ",18%,"-42,695.00 ",-82%," 734,595.00 ",98.74%," 52,100.00 ",Vendido,Cliente al día,, -   , -   ,,,0,3, -   , -   , -   ," 9,405 "," 9,405 ", -   ,#DIV/0!,,
,704,A ,C,José Gutierrez,MARVIN ESTUARDO PINEDA RODRIGUEZ,5/07/25,4. Plan de Pagos," 636,400.00 "," 44,548.00 ",, -   ,, -   ," 3,000.00 "," 1,615.38 "," 1,615.38 "," 1,615.38 "," 1,615.38 "," 1,615.38 "," 1,615.38 "," 12,692.28 ",28%,"-31,855.72 ",-72%," 623,707.72 ",98.01%," 44,548.00 ",Vendido,Cliente al día, 26 , 1 , 27 ," 3,000.00 "," 1,615.38 ",6,6," 12,692 "," 9,692 "," 3,000 ", -   , -   , -   , -   ,,
,705,A ,C,José Gutierrez,BRIAN ALEXIS VELASQUEZ RODRIGUEZ,18/07/25,4. Plan de Pagos," 636,400.00 "," 44,548.00 ",,,,," 3,000.00 "," 1,615.50 "," 1,615.50 "," 1,615.50 "," 1,615.50 "," 1,615.50 "," 1,615.50 "," 12,693.00 ",28%,"-31,855.00 ",-72%," 623,707.00 ",98.01%," 44,548.00 ",Vendido,Cliente al día, 26 , 1 , 27 ," 3,000.00 "," 1,615.38 ",6,6," 12,692 ", -   ," 12,693 ", -   , 1 , -   , -   ,,
,706,B ,C,Paula Hernandez,Christopher Geovanny Umaña Luna,5/01/26,2.Reservado," 813,000.00 "," 56,910.00 ",,,,,,, -   , -   , -   ,," 3,000.00 "," 3,000.00 ",5%,"-53,910.00 ",-95%," 810,000.00 ",99.63%," 56,910.00 ",Vendido,Cliente al día,, -   , -   ,,,0,, -   , -   , -   ," 3,000 "," 3,000 ", -   ,#DIV/0!,,
,707,C ,C,,,,1.Disponible," 945,900.00 "," 66,213.00 ",,,,,,, -   , -   , -   ,,, -   ,0%, -   ,0%," 945,900.00 ",100.00%, -   ,Apartamento Disponible,Disponible,, -   , -   ,,,0,, -   , -   , -   , -   , -   , -   , -   ,,
,708,C ,C,,LESBIA FERNANDA FLORES GARCIA-BRYAN ALEXANDER SURET VALENZUELA,27/10/25,2.Reservado," 744,000.00 "," 52,100.00 ",,,,,,, -   ," 1,000.00 "," 3,200.00 "," 1,200.00 "," 1,200.00 "," 6,600.00 ",13%,"-45,500.00 ",-87%," 737,400.00 ",99.11%," 52,100.00 ",Vendido,Cliente al día,, -   , -   ,,,0,2, -   , -   , -   ," 6,600 "," 6,600 ", -   ,#DIV/0!,,
,709,B ,C,José Gutierrez,Yury Julio Roberto de Jesus Urrutia Valdez/María de los Angeles de León Manrique,10/01/26,1.Disponible," 813,000.00 "," 57,000.00 ",, -   , -   , -   , -   , -   , -   , -   , -   ,," 3,000.00 "," 3,000.00 ",5%,"-54,000.00 ",-95%," 810,000.00 ",99.63%," 57,000.00 ",Vendido,Cliente al día, 28 , 1 , 29 ," 3,000.00 "," 1,500.00 ",0,," 3,000 ", -   ," 3,000 ", -   , -   , -   , -   ,,
,801,A ,C,,,,1.Disponible," 636,400.00 "," 44,548.00 ",,,,,,, -   , -   , -   ,,, -   ,0%, -   ,0%," 636,400.00 ",100.00%, -   ,Apartamento Disponible,Disponible,, -   , -   ,,,0,, -   , -   , -   , -   , -   , -   , -   ,,
,802,C ,C,,Carlos Humberto Hernandez Barillas,28/08/25,4. Plan de Pagos," 744,000.00 "," 52,100.00 ",,,,,," 3,000.00 ", -   , -   , -   ,,," 3,000.00 ",6%,"-49,100.00 ",-94%," 741,000.00 ",99.60%," 52,100.00 ",Vendido,Cliente al día,, -   , -   ,,,0,4, -   , -   , -   ," 3,000 "," 3,000 ", -   ,#DIV/0!,,
,803,C ,C,,LEVI BENJAMIN GUTIERREZ SATEY,27/09/25,4. Plan de Pagos," 744,000.00 "," 53,000.00 ",,,,,,," 3,000.00 ", 500.00 , -   , 500.00 , 500.00 ," 4,500.00 ",8%,"-48,500.00 ",-92%," 739,500.00 ",99.40%," 53,000.00 ",Vendido,Cliente al día,, -   , -   ,,,0,3, -   , -   , -   ," 4,500 "," 4,500 ", -   ,#DIV/0!,,
,804,A ,C,Paula Hernandez,Diego Herrera y Angela Gabriela Lara,27/06/25,4. Plan de Pagos," 636,400.00 "," 44,600.00 ",,,," 1,500.00 "," 2,038.81 "," 2,038.81 "," 2,038.81 "," 1,540.74 ", -   ," 1,540.74 "," 1,540.74 "," 12,238.65 ",27%,"-32,361.35 ",-73%," 624,161.35 ",98.08%," 44,600.00 ",Vendido,Cliente al día, 27 , 1 , 28 ," 1,500.00 "," 2,038.81 ",0,6," 1,500 "," 12,239 ", -   , -   ," 10,739 ", -   , -   ,,
,805,A ,C,José Gutierrez,Edwin Gonzálo Aguilón Velásquez,18/07/25,4. Plan de Pagos," 636,400.00 "," 44,548.00 ",,,,," 3,000.00 ",, -   ," 1,615.38 "," 1,615.38 "," 3,230.76 ",," 9,461.52 ",21%,"-35,086.48 ",-79%," 626,938.48 ",98.51%," 44,548.00 ",Vendido,Cliente al día, 26 , 1 , 27 ," 3,000.00 "," 1,615.38 ",2,6," 6,231 "," 3,231 "," 6,231 ", -   ," 3,231 ", -   , -   ,,
,806,B ,C,,Irma sofia Caneo Tocay,,1.Disponible," 744,000.00 "," 52,100.00 ",,,,,," 3,000.00 ", -   , -   , -   ,,," 3,000.00 ",6%,"-49,100.00 ",-94%," 741,000.00 ",99.60%," 52,100.00 ",Vendido,Cliente al día,, -   , -   ,,,0,, -   , -   , -   ," 3,000 "," 3,000 ", -   , -   ,,
,807,C ,C,,Luciana Concepcion Cruz Alvarado,12/10/25,2.Reservado," 744,000.00 "," 52,100.00 ",,,,,,, -   ," 3,000.00 "," 2,200.00 "," 2,200.00 "," 2,200.00 "," 9,600.00 ",18%,"-42,500.00 ",-82%," 734,400.00 ",98.71%," 52,100.00 ",Vendido,Cliente al día,, -   , -   ,,,0,3, -   , -   , -   ," 9,600 "," 9,600 ", -   ,#DIV/0!,,
,808,C ,C,Paula Hernandez,"Julisa Elizabeth Gonzalez Bac, Derek Alexander Jiménez Najarro y Fredy Leonel Gonzalez",7/09/25,4. Plan de Pagos," 744,000.00 "," 52,100.00 ",,,,,,," 3,000.00 "," 2,046.00 "," 2,046.00 "," 2,046.00 "," 2,046.00 "," 11,184.00 ",21%,"-40,916.00 ",-79%," 732,816.00 ",98.50%," 52,100.00 ",Vendido,Cliente al día,, -   , -   ,,,0,4, -   , -   , -   ," 11,184 "," 11,184 ", -   ,#DIV/0!,,
,809,B ,C,,MASIELLE DASAYETH MONROY HERNÁNDEZ y LENIN ALEJANDRO HIDALGO COLINDRES,15/06/25,4. Plan de Pagos," 813,000.00 "," 56,910.00 ",,,," 3,000.00 "," 2,000.00 "," 2,000.00 "," 2,000.00 "," 2,000.00 "," 2,000.00 "," 2,000.00 "," 2,000.00 "," 17,000.00 ",30%,"-39,910.00 ",-70%," 796,000.00 ",97.91%," 56,910.00 ",Vendido,Cliente al día, 27 , 1 , 28 ," 3,000.00 "," 1,996.97 ",7,7," 16,979 ", -   ," 17,000 ", -   , 21 , -   , -   ,,
,901,A ,C,,,,1.Disponible," 636,400.00 "," 44,548.00 ",,,,,,, -   , -   , -   ,,, -   ,0%, -   ,0%," 636,400.00 ",100.00%, -   ,Apartamento Disponible,Disponible,, -   , -   ,,,0,, -   , -   , -   , -   , -   , -   , -   ,,
,902,C ,C,,LUIS ANTONIO GÓMEZ LUCERO Y FEBE ABIGAIL ARANA FRANCO,11/08/25,4. Plan de Pagos," 945,900.00 "," 66,213.00 ",,,,,," 1,500.00 "," 3,000.00 "," 3,000.00 "," 3,000.00 "," 3,000.00 "," 3,000.00 "," 16,500.00 ",25%,"-49,713.00 ",-75%," 929,400.00 ",98.26%," 66,213.00 ",Vendido,Cliente al día,, -   , -   ,,,0,5, -   , -   , -   ," 16,500 "," 16,500 ", -   ,#DIV/0!,,
,903,C ,C,,ANDREINA MARIBEL CORNEL MORAGA,3/08/25,4. Plan de Pagos," 945,900.00 "," 66,213.00 ",,,,,," 3,000.00 "," 2,000.00 "," 2,000.00 "," 2,000.00 "," 2,000.00 "," 2,000.00 "," 13,000.00 ",20%,"-53,213.00 ",-80%," 932,900.00 ",98.63%," 66,213.00 ",Vendido,Cliente al día,, -   , -   ,,,0,5, -   , -   , -   ," 13,000 "," 13,000 ", -   ,#DIV/0!,,
,904,A ,C,Paula Hernandez,Alvaro Victor Hernández Mus,27/06/25,4. Plan de Pagos," 617,038.00 "," 43,308.00 ",, -   , -   ," 1,500.00 "," 1,500.00 ", -   , -   , -   , -   ,,," 3,000.00 ",7%,"-40,308.00 ",-93%," 614,038.00 ",99.51%," 43,308.00 ",Vendido,Cliente Atrasado, 26 , 1 , 27 ," 3,000.00 "," 1,555.56 ",2,6," 6,111 "," 3,000 ", -   , -   , -   ," 3,111 ", 2 ,,No hay Promesa de Compra Venta en Odoo
,905,A ,C,José Gutierrez,Julio Cesar Calderon Mus,27/06/25,4. Plan de Pagos," 636,400.00 "," 44,548.00 ",,,,," 1,500.00 ",, -   , -   , -   ,,," 1,500.00 ",3%,"-43,048.00 ",-97%," 634,900.00 ",99.76%," 44,548.00 ",Vendido,Cliente Atrasado, 26 , 1 , 27 ," 3,000.00 "," 1,555.56 ",1,6," 4,556 "," 1,500 ", -   , -   , -   ," 3,056 ", 2 ,,
,906,B ,C,,William Alexander Fuentes Alvarado,27/07/25,4. Plan de Pagos," 813,000.00 "," 56,910.00 ",,,,," 3,000.00 "," 2,000.00 "," 2,000.00 "," 2,000.00 "," 2,000.00 "," 2,000.00 "," 2,000.00 "," 15,000.00 ",26%,"-41,910.00 ",-74%," 798,000.00 ",98.15%," 56,910.00 ",Vendido,Cliente al día,, -   , -   ,,,0,5, -   , -   , -   ," 15,000 "," 15,000 ", -   ,#DIV/0!,,
,907,C ,C,José Gutierrez,Marlon Omar Valdes Pérez-Chelsea María José García Gómez,21/09/25,4. Plan de Pagos," 744,000.00 "," 53,000.00 ",,,,,,," 3,000.00 "," 2,500.00 "," 2,500.00 "," 3,500.00 "," 2,500.00 "," 14,000.00 ",26%,"-39,000.00 ",-74%," 730,000.00 ",98.12%," 53,000.00 ",Vendido,Cliente al día,, -   , -   ,,,0,4, -   , -   , -   ," 14,000 "," 14,000 ", -   ,#DIV/0!,,
,908,C ,C,,JENNIFER IVETTE GONZALEZ MEDRANO Y AGUSTIN ARMANDO CALVILLO CALDERON,19/08/25,4. Plan de Pagos," 945,900.00 "," 66,213.00 ",,,,,," 3,000.00 "," 1,964.00 "," 1,964.00 "," 1,964.00 "," 1,964.00 "," 1,964.00 "," 12,820.00 ",19%,"-53,393.00 ",-81%," 933,080.00 ",98.64%," 66,213.00 ",Vendido,Cliente al día,, -   , -   ,,,0,5, -   , -   , -   ," 12,820 "," 12,820 ", -   ,#DIV/0!,,
,909,B ,C,Paula Hernandez,Ingrid Lissette Colíndres López,17/05/25,4. Plan de Pagos," 813,000.00 "," 57,000.00 ",,," 3,000.00 "," 1,500.00 "," 1,500.00 "," 1,500.00 "," 1,500.00 "," 1,500.00 "," 1,500.00 "," 1,500.00 "," 1,500.00 "," 15,000.00 ",26%,"-42,000.00 ",-74%," 798,000.00 ",98.15%," 57,000.00 ",Vendido,Cliente al día, 28 , 1 , 29 ," 3,000.00 "," 1,500.00 ",8,8," 15,000 "," 12,000 "," 3,000 ", -   , -   , -   , -   ,,
,1001,A ,C,,Dilan Guillermo Hernandez López,18/08/25,4. Plan de Pagos," 744,000.00 "," 52,100.00 ",,,,,," 3,000.00 "," 1,720.00 "," 1,720.00 "," 1,720.00 "," 1,720.00 "," 1,720.00 "," 11,600.00 ",22%,"-40,500.00 ",-78%," 732,400.00 ",98.44%," 52,100.00 ",Vendido,Cliente al día,, -   , -   ,,,0,5, -   , -   , -   ," 11,600 "," 11,600 ", -   ,#DIV/0!,,
,1002,C ,C,,ANDREA ELIZABETH RODAS CABRERA / ROBERTO ISAAC MORALES REYES,16/10/25,2.Reservado," 744,000.00 "," 52,100.00 ",,,,,,, -   ," 3,000.00 ", -   ,,," 3,000.00 ",6%,"-49,100.00 ",-94%," 741,000.00 ",99.60%," 52,100.00 ",Vendido,Cliente al día,, -   , -   ,,,0,3, -   , -   , -   ," 3,000 "," 3,000 ", -   ,#DIV/0!,,
,1003,C ,C,,Alison Samara Vasquez Ortiz,16/10/25,2.Reservado," 744,000.00 "," 52,100.00 ",,,,,,, -   ," 1,000.00 ", -   ,,," 1,000.00 ",2%,"-51,100.00 ",-98%," 743,000.00 ",99.87%," 52,100.00 ",Vendido,Cliente al día,, -   , -   ,,,0,3, -   , -   , -   ," 1,000 "," 1,000 ", -   ,#DIV/0!,,
,1004,A ,C,,Ludis Gonzalez Lopez,15/10/25,2.Reservado," 655,200.00 "," 45,900.00 ",,,,,,, -   , -   , -   ," 3,000.00 ",," 3,000.00 ",7%,"-42,900.00 ",-93%," 652,200.00 ",99.54%," 45,900.00 ",Vendido,Cliente al día,, -   , -   ,,,0,3, -   , -   , -   ," 3,000 "," 3,000 ", -   ,#DIV/0!,,
,1005,A ,C,,,,1.Disponible," 678,800.00 "," 47,516.00 ",,,,,,, -   , -   , -   ,,, -   ,0%, -   ,0%," 678,800.00 ",100.00%, -   ,Apartamento Disponible,Disponible,, -   , -   ,,,0,, -   , -   , -   , -   , -   , -   , -   ,,
,1006,B ,C,,,,1.Disponible," 825,400.00 "," 57,778.00 ",,,,,,, -   , -   , -   ,,, -   ,0%, -   ,0%," 825,400.00 ",100.00%, -   ,Apartamento Disponible,Disponible,, -   , -   ,,,0,, -   , -   , -   , -   , -   , -   , -   ,,
,1007,C ,C,José Gutierrez,Juliana Daniela Ortiz,24/11/25,2.Reservado," 744,000.00 "," 52,100.00 ",,,,,,, -   , -   ," 3,000.00 ",,," 3,000.00 ",6%,"-49,100.00 ",-94%," 741,000.00 ",99.60%," 52,100.00 ",Vendido,Cliente al día,, -   , -   ,,,0,2, -   , -   , -   ," 3,000 "," 3,000 ", -   ,#DIV/0!,,
,1008,C ,C,,,,1.Disponible," 958,800.00 "," 67,116.00 ",,,,,,, -   , -   ," 1,000.00 ",,," 1,000.00 ",1%," 1,000.00 ",1%," 957,800.00 ",99.90%, -   ,Apartamento Disponible,Cliente Atrasado,, -   , -   ,,,0,, -   , -   , -   ," 1,000 "," 1,000 ", -   , -   ,,
,1009,B ,C,Paula Hernandez,DULCE MARÍA RUIZ ALVARADO,20/12/25,1.Disponible," 825,400.00 "," 57,778.00 ",,,,,,, -   , -   , -   ," 3,000.00 ",," 3,000.00 ",5%,"-54,778.00 ",-95%," 822,400.00 ",99.64%," 57,778.00 ",Vendido,Cliente al día,, -   , -   ,,,0,1, -   , -   , -   ," 3,000 "," 3,000 ", -   ,#DIV/0!,,
,1101,A ,C,,,,1.Disponible," 678,800.00 "," 47,516.00 ",,,,,,, -   , -   , -   ,,, -   ,0%, -   ,0%," 678,800.00 ",100.00%, -   ,Apartamento Disponible,Disponible,, -   , -   ,,,0,, -   , -   , -   , -   , -   , -   , -   ,,
,1102,C ,C,Paula Hernandez,Zeus Anahel López Ojeda,15/11/25,2.Reservado," 744,000.00 "," 52,100.00 ",,,,,,, -   , -   ," 3,000.00 "," 3,000.00 "," 3,000.00 "," 9,000.00 ",17%,"-43,100.00 ",-83%," 735,000.00 ",98.79%," 52,100.00 ",Vendido,Cliente al día,, -   , -   ,,,0,2, -   , -   , -   ," 9,000 "," 9,000 ", -   ,#DIV/0!,,
,1103,C ,C,,Oscar Roberto Alejandro Valle Mayorga / Joselyne Jazmin Sicaja Chicas,09/15/20205,1.Disponible," 958,800.00 "," 67,116.00 ",,,,,,, -   , -   , -   , 200.00 ,, 200.00 ,0%,"-66,916.00 ",-100%," 958,600.00 ",99.98%," 67,116.00 ",Vendido,Cliente al día,, -   , -   ,,,0,#VALUE!, -   , -   , -   , 200 , 200 , -   ,#DIV/0!,,
,1104,A ,C,,,,1.Disponible," 678,800.00 "," 47,516.00 ",,,,,,, -   , -   , -   ,,, -   ,0%, -   ,0%," 678,800.00 ",100.00%, -   ,Apartamento Disponible,Disponible,, -   , -   ,,,0,, -   , -   , -   , -   , -   , -   , -   ,,
,1105,A ,C,,,,1.Disponible," 678,800.00 "," 47,516.00 ",,,,,,, -   , -   , -   ,,, -   ,0%, -   ,0%," 678,800.00 ",100.00%, -   ,Apartamento Disponible,Disponible,, -   , -   ,,,0,, -   , -   , -   , -   , -   , -   , -   ,,
,1106,B ,C,,,,1.Disponible," 825,400.00 "," 57,778.00 ",,,,,,, -   , -   , -   ,,, -   ,0%, -   ,0%," 825,400.00 ",100.00%, -   ,Apartamento Disponible,Disponible,, -   , -   ,,,0,, -   , -   , -   , -   , -   , -   , -   ,,
,1107,C ,C,,,,1.Disponible," 958,800.00 "," 67,116.00 ",,,,,,, -   , -   ," 3,000.00 ",,," 3,000.00 ",4%," 3,000.00 ",4%," 955,800.00 ",99.69%, -   ,Apartamento Disponible,Cliente Atrasado,, -   , -   ,,,0,, -   , -   , -   ," 3,000 "," 3,000 ", -   , -   ,,
,1108,C ,C,Paula Hernandez,Daniel Rafael Bonilla Pérez y Yohany Danissa Leonardo Bocanegra,24/11/25,1.Disponible," 744,000.00 "," 52,100.00 ",,,,,,, -   , -   ," 3,000.00 "," 2,232.00 ",," 5,232.00 ",10%,"-46,868.00 ",-90%," 738,768.00 ",99.30%," 52,100.00 ",Vendido,Cliente al día,, -   , -   ,,,0,2, -   , -   , -   ," 5,232 "," 5,232 ", -   ,#DIV/0!,,
,1109,B ,C,,,,1.Disponible," 825,400.00 "," 57,778.00 ",,,,,,, -   , -   , -   ,,, -   ,0%, -   ,0%," 825,400.00 ",100.00%, -   ,Apartamento Disponible,Disponible,, -   , -   ,,,0,, -   , -   , -   , -   , -   , -   , -   ,,
,1201,A ,C,Paula Hernandez,Lesly Cristina Molina González,12/01/26,1.Disponible," 678,800.00 "," 47,516.00 ",,,,,,, -   , -   , -   ,," 3,000.00 "," 3,000.00 ",6%,"-44,516.00 ",-94%," 675,800.00 ",99.56%," 47,516.00 ",Vendido,Cliente al día,, -   , -   ,,,0,, -   , -   , -   ," 3,000 "," 3,000 ", -   ,#DIV/0!,,
,1202,C ,C,José Gutierrez,Doneli Abraham Molineros Mijangos,15/11/25,2.Reservado," 744,000.00 "," 52,100.00 ",,,,,,, -   , -   ," 3,000.00 "," 2,232.00 "," 2,232.00 "," 7,464.00 ",14%,"-44,636.00 ",-86%," 736,536.00 ",99.00%," 52,100.00 ",Vendido,Cliente al día,, -   , -   ,,,0,2, -   , -   , -   ," 7,464 "," 7,464 ", -   ,#DIV/0!,,
,1203,C ,C,José Gutierrez,Dulce Maria Molineros Mijangos,15/11/25,2.Reservado," 744,000.00 "," 52,100.00 ",,,,,,, -   , -   ," 3,000.00 "," 2,232.00 "," 2,232.00 "," 7,464.00 ",14%,"-44,636.00 ",-86%," 736,536.00 ",99.00%," 52,100.00 ",Vendido,Cliente al día,, -   , -   ,,,0,2, -   , -   , -   ," 7,464 "," 7,464 ", -   ,#DIV/0!,,
,1204,A ,C,José Gutierrez,LUISA MAYARI RAMIREZ BRAN,15/07/25,4. Plan de Pagos," 678,800.00 "," 47,516.00 ",,,,," 3,000.00 ",, -   , -   , -   ,,," 3,000.00 ",6%,"-44,516.00 ",-94%," 675,800.00 ",99.56%," 47,516.00 ",Vendido,Cliente al día, 26 , 1 , 27 ," 3,000.00 "," 1,730.77 ",0,6," 3,000 ", -   ," 3,000 ", -   , -   , -   , -   ,,
,1205,A ,C,,,,1.Disponible," 678,800.00 "," 47,516.00 ",,,,,,, -   , -   , -   ,,, -   ,0%, -   ,0%," 678,800.00 ",100.00%, -   ,Apartamento Disponible,Disponible,, -   , -   ,,,0,, -   , -   , -   , -   , -   , -   , -   ,,
,1206,B ,C,,,,1.Disponible," 825,400.00 "," 57,778.00 ",,,,,,, -   , -   , -   ,,, -   ,0%, -   ,0%," 825,400.00 ",100.00%, -   ,Apartamento Disponible,Disponible,, -   , -   ,,,0,, -   , -   , -   , -   , -   , -   , -   ,,
,1207,C ,C,,,,1.Disponible," 958,800.00 "," 67,116.00 ",,,,,,, -   , -   , -   ,,, -   ,0%, -   ,0%," 958,800.00 ",100.00%, -   ,Apartamento Disponible,Disponible,, -   , -   ,,,0,, -   , -   , -   , -   , -   , -   , -   ,,
,1208,C ,C,José Gutierrez,LUIS FERNANDO PIANO MENDEZ,15/12/25,2.Reservado," 958,800.00 "," 67,116.00 ",,,,,,, -   , -   , -   ," 3,000.00 "," 2,320.00 "," 5,320.00 ",8%,"-61,796.00 ",-92%," 953,480.00 ",99.45%," 67,116.00 ",Vendido,Cliente al día,, -   , -   ,,,0,1, -   , -   , -   ," 5,320 "," 5,320 ", -   ,#DIV/0!,,
,1209,B ,C,Paula Hernandez,JUAN PABLO ÁLVAREZ PÉREZ,20/12/25,1.Disponible," 825,400.00 "," 57,778.00 ",,,,,,, -   , -   , -   ," 3,000.00 "," 2,339.00 "," 5,339.00 ",9%,"-52,439.00 ",-91%," 820,061.00 ",99.35%," 57,778.00 ",Vendido,Cliente al día,, -   , -   ,,,0,1, -   , -   , -   ," 5,339 "," 5,339 ", -   ,#DIV/0!,,
,1301,A ,C,,,,1.Disponible," 678,800.00 "," 47,516.00 ",,,,,,, -   , -   , -   ,,, -   ,0%, -   ,0%," 678,800.00 ",100.00%, -   ,Apartamento Disponible,Disponible,, -   , -   ,,,0,, -   , -   , -   , -   , -   , -   , -   ,,
,1302,C ,C,Gloria Cante,Iwin Estuardo Acevedo Salgue,30/11/25,1.Disponible," 744,000.00 "," 52,100.00 ",,,,,,, -   , -   ," 3,000.00 ",,," 3,000.00 ",6%,"-49,100.00 ",-94%," 741,000.00 ",99.60%," 52,100.00 ",Vendido,Cliente al día,, -   , -   ,,,0,1, -   , -   , -   ," 3,000 "," 3,000 ", -   ,#DIV/0!,,
,1303,C ,C,,,,1.Disponible," 958,800.00 "," 67,116.00 ",,,,,,, -   , -   , -   ,,, -   ,0%, -   ,0%," 958,800.00 ",100.00%, -   ,Apartamento Disponible,Disponible,, -   , -   ,,,0,, -   , -   , -   , -   , -   , -   , -   ,,
,1304,A ,C,,,,1.Disponible," 678,800.00 "," 47,516.00 ",,,,,,, -   , -   , -   ,,, -   ,0%, -   ,0%," 678,800.00 ",100.00%, -   ,Apartamento Disponible,Disponible,, -   , -   ,,,0,, -   , -   , -   , -   , -   , -   , -   ,,
,1305,A ,C,,,,1.Disponible," 678,800.00 "," 47,516.00 ",,,,,,, -   , -   , -   ,,, -   ,0%, -   ,0%," 678,800.00 ",100.00%, -   ,Apartamento Disponible,Disponible,, -   , -   ,,,0,, -   , -   , -   , -   , -   , -   , -   ,,
,1306,B ,C,,,,1.Disponible," 825,400.00 "," 57,778.00 ",,,,,,, -   , -   , -   ,,, -   ,0%, -   ,0%," 825,400.00 ",100.00%, -   ,Apartamento Disponible,Disponible,, -   , -   ,,,0,, -   , -   , -   , -   , -   , -   , -   ,,
,1307,C ,C,,,,1.Disponible," 958,800.00 "," 67,116.00 ",,,,,,, -   , -   , -   ,,, -   ,0%, -   ,0%," 958,800.00 ",100.00%, -   ,Apartamento Disponible,Disponible,, -   , -   ,,,0,, -   , -   , -   , -   , -   , -   , -   ,,
,1308,C ,C,,,,1.Disponible," 958,800.00 "," 67,116.00 ",,,,,,, -   , -   , -   ,,, -   ,0%, -   ,0%," 958,800.00 ",100.00%, -   ,Apartamento Disponible,Disponible,, -   , -   ,,,0,, -   , -   , -   , -   , -   , -   , -   ,,
,1309,B ,C,,,,1.Disponible," 825,400.00 "," 57,778.00 ",,,,,,, -   , -   , -   ,,, -   ,0%, -   ,0%," 825,400.00 ",100.00%, -   ,Apartamento Disponible,Disponible,, -   , -   ,,,0,, -   , -   , -   , -   , -   , -   , -   ,,
,,,,,,,," 90,714,248.00 "," 6,384,697.00 ", -   ," 5,000 "," 14,174 "," 17,185 "," 53,271 "," 75,773 "," 53,920 "," 72,134 "," 84,839 "," 93,108 "," 76,219 "," 545,624 ",92%,,,,,,,,,,,,,,," 163,462 "," 88,410 "," 138,617 "," 318,598 "," 388,329 "," 6,172 ",,,
,,,,,,FLUJO INGRESADO (DESISTIMIENTOS),,,, -   , -   ," 7,500 ", -   , -   , -   , -   , -   , -   , 500 , -   ," 8,000 ",,,,,,,,,,,,,,,,,,,,, -   ,Cuotas no canceladas F&F,,
,,,,,,TOTAL FUJO RECIBIDO MENSUALMENTE,,,, -   ," 5,000 "," 21,674 "," 17,185 "," 53,271 "," 75,773 "," 53,920 "," 72,134 "," 84,839 "," 93,608 "," 76,219 "," 553,624 ",,,,,,,,,,,,,,,,,,,,,,,,
,,,,,,FLUJO ESTIMADO SEGÚN PPTO,,,, -   ," 5,000 "," 17,174 "," 18,685 "," 54,685 "," 60,754 "," 69,205 "," 78,789 "," 88,395 "," 95,326 "," 106,672 "," 594,686 ",,,,,,,,,,,,,,,,,,,,," 6,172 ",Cuotas de clientes en mora,,
,,,,,,DIFERENCIAS POR MES,,,, -   , -   ," 4,500 ","-1,500 "," 53,271 "," 75,773 "," 53,920 "," 72,134 "," 84,839 "," 92,607.93 "," 76,219.17 ","-49,061 ",,,,,,,,,,,,,,,,,,,,,,,,
,,,,,,,,,,,,,,,,,,,,,,,,,,,,,,,,,,,,,,,,,,,,,
,,,,,,,,,,100%,100%,100%,100%,100%,100%,100%,100%,100%,,,,," 47,516.00 ",,,,,,,,,,,,,,,,,,,,,,
,,,,,,PORCENTAJE DE COBRO MENSUAL,,,,#DIV/0!, 1.00 , 1.26 ,92%,97%,125%,78%,92%,96%,0%,0%,,," 3,000.00 ",,,,,,,,,,,,,,,,,,,,,,
,,,,,,,,,,,,,,,,,,,,,,," 44,516.00 ",,,,,,,,,,,,,,,,,,,,,,
,Desistimiento,,,,,,,,,,,,,,,,,,,,,,,,,,,,,,,,,,,,,,,,,,,,
,APTO,MODELO,TORRE,VENDEDOR,CLIENTE,FECHA,TIPO DE PLAN,P. VENTA,ENGANCHE,,,,,,,,,,,,,,,,,,,,,,,,,,,,,,,,,,,,
,704,A ,C,Paula Hernández,Erick Gómez,17/05/25,2.Reservado," 636,400.00 "," 44,600.00 ", -   , -   ," 3,000.00 ",,,,,,,,," 3,000.00 ",,,,,,,,,,,,,,,,,,,,,,,DESISTIDO MAYO 2025,
,904,A ,C,Efrén Sanchez, Guideon Juda Fernandez Cruz,25/05/25,2.Reservado," 617,038.00 "," 43,308.00 ",, -   ," 1,500.00 ", -   , -   , -   , -   , -   , -   , -   , -   ," 1,500.00 ",,,,,,,,,,,,,,,,,,,,,,,DESISTIDO MAYO 2025,
,405,A ,C,,Melany Analexy Higueros Gamarro,2/12/25,2.Reservado," 622,000.00 "," 43,540.00 ",,,,,,, -   , -   , -   , 500.00 , -   , 500.00 ,,,,,,,,,,,,,,,,,,,,,,,,
,709,B ,C,Paula Hernandez,,,1.Disponible," 813,000.00 "," 57,000.00 ",, -   ," 3,000.00 ", -   , -   , -   , -   , -   , -   ,,," 3,000.00 ",,,,,,,,,,,,,,,,,,,,,,,,
,,,,,,,,,,,,,,,,,,,,, -   ,,,,,,,,,,,,,,,,,,,,,,,,
,,,,,,,,,,,,,,,,,,,,,,,,,,,,,,,,,,,,,,,,,,,,,
,,,,,,TOTAL FLUJO INGRESADO (DESISTIMIENTOS),,,, -   , -   ," 7,500.00 ", -   , -   , -   , -   , -   , -   , 500.00 , -   ," 8,000.00 ",,,,,,,,,,,,,,,,,,,,,,,,
,,,,,,,,,,,,,,,,,,,,,,,,,,,,,,,,,,,,,,,,,,,,,
,,,,,,,,,,,,,,,,,,,,,,,,,,,,,,,,,,,,,,,,,,,,,
,,,,,,,,,,,,,,,,,,,,,,,,,,,,,,,,,,,,,,,,,,,,,
,,,,,,,,,,,,,,,,,,,,,,,,,,,,,,,,,,,,,,,,,,,,,
,,,,,,,,,,,,,,,,,,,,,,,,,,,,,,,,,,,,,,,,,,,,,
,,,,,,,,,,,,,,,,,,,,,,,,,,,,,,,,,,,,,,,,,,,,,
,,,,,,,,,,,,,,,,,,,,,,,,,,,,,,,,,,,,,,,,,,,,,
,,,,,A la fecha,,,,,,,,,,,,,,,,,,,,,,,,,,,,,,,,,,,,,,,,
,,,,,Apartamentos vendidos,,,,,,,,,,,,,,,,,,,,,,,,,,,,,,,,,,,,,,,,
,,,,,Apartamentos disponibles,,,,,,,,,,,,,,,,,,,,,,,,,,,,,,,,,,,,,,,,