BENESTARE,,,,,,,,,,,,,,,,,,,,,,,,,,,,,,,,,,,,,,,,,,,,,,,,,,,,,,,,,,,,,,,,,,,,,,,,,,,,,,,,,,,,
CHINAUTLA,,,,,,,,,,,,,,,,,,,,,,,,,,,,,,,,,,,,,,,,,,,,,,,,,,,,,,,,,,,,,,,,,,,,,,,,,,,,,,,,,,,,
REPORTE DE RESERVAS Y COBROS AL 30 NOVIEMBRE 2025,,,,,,,,,,,,,,,,,,,,,,,,,,,,,,,,,,,,,,,,,,,,,,,,,,,,,,,,,,,,,,,,,,,,,,,,,,,,,,,,,,,,
,,,,,,,,,,,,,, 44.00 ,45,46,47,48,49,50,51,52,53,54,55,56,57,58,59,60,61,62,63,,,,,,,,,,,,,,,,,,,,,,x,,x,,,,,,,,,,,,,,,,,,,,,,,,,,,
,,,,,,,,,,,,,,,,,,,,,,,,,,,,,,,,,,,,,,,,,,,,,,,,,,,,,,,,,,,,,,,,,,,,,,,,,,,,,,,,,,,,
,,,,,1,2,3,4,5,6,7,8,9,10,11,12,13,14,15,16,17,18,19,20,21,22,23,24,25,26,27,28,29,30,31,32,33,34,35,36,37,38,39,40,41,42,43,44,,,,,,,,,,,,,,,,,,,,,,,,,,,,,,,,,,,,
"A partir de 
Ago-25",*,,,,Apto,Torre,Tipo,Vendedor,Cliente,Reservado,Estatus,Precio de Venta,Enganche,Mar-23,Apr-23,May-23,Jun-23,Jul-23,Aug-23,Sep-23,Oct-23,Nov-23,Dec-23,Jan-24,Feb-24,Mar-24,Apr-24,May-24,Jun-24,Jul-24,Aug-24,Sep-24,Oct-24,Nov-24,Dec-24,Jan-25,Feb-25,Mar-25,Apr-25,May-25,Jun-25,Jul-25,Aug-25,Sep-25,Oct-25,Nov-25,Dec-25,Jan-26,TOTAL COBROS Y RESERVAS,% Cobro,SALDO PENDIENTE ENGANCHE,% Pendiente,Monto a Financiar por Banco,% a Financiar,Proyección de Cobros (S/ Modelo Financiero),Status inmueble,ESTATUS CLIENTE,Cuotas Pactadas,Cuota de Enganche,Total cuotas pactadas,Monto de Reserva Pactado,Monto de Cuota Pactada, Cuotas Pagadas , Cantidad de cuotas que deben estar pagadas por el cliente , Monto que debe estar cancelado a la fecha , Monto pagado de cuotas a la fecha , Enganche + Cuotas Extraordinarias Pagadas , Diferencia , Cobro adicional a lo pactado , Cobro no realizado según lo pactado , Cuotas , Caso Especial / F&F , Observaciones ,,,,,,,,,,,
101-B,B-101,,,,101,A,B,Luis Esteban,Wendy Azucena Barrientos Salazar,23/03/24,4.Plan de pagos," 477,700.00 "," 24,000.00 ", -   , -   , -   , -   , -   , -   , -   , -   , -   , -   , -   , -   ," 1,500.00 "," 1,071.43 "," 1,071.43 ", 925.33 ," 1,022.73 "," 1,022.73 "," 1,022.73 "," 1,022.73 "," 2,046.46 ", -   ," 1,022.73 "," 1,022.73 "," 2,045.46 ", -   ," 1,022.73 "," 1,022.73 "," 1,022.73 "," 1,022.73 "," 1,022.73 "," 1,022.73 "," 1,022.73 ",," 1,022.73 "," 22,978.33 ",96%,"-1,021.67 ",-4%," 454,721.67 ",95.19%," 24,000.00 ",Vendido,Cliente al día, 22 , 1 , 23 ," 1,500.00 "," 1,022.73 ",11, 17 ," 18,886 "," 9,107 "," 7,735 "," 6,136 "," 4,092 ", -   , -   ,,,,,,,,,,,,,
102-B,B-102,,,,102,A,B,Luis Esteban,Orfa Sarai Santos Morales,10/06/24,4.Plan de pagos," 477,700.00 "," 23,900.00 ", -   , -   , -   , -   , -   , -   , -   , -   , -   , -   , -   , -   , -   , -   , -   ," 1,500.00 "," 1,244.44 "," 1,244.44 "," 1,244.44 "," 1,244.44 ", -   ," 1,244.44 "," 1,244.44 ", -   ,," 2,488.88 "," 1,244.44 "," 1,244.44 ",," 1,244.44 "," 1,244.44 "," 2,488.88 ", -   ," 1,244.44 ",," 20,166.60 ",84%,"-3,733.40 ",-16%," 457,533.40 ",95.78%," 23,900.00 ",Vendido,Cliente al día, 18 , 1 , 19 ," 1,500.00 "," 1,244.44 ",7, 14 ," 18,922 "," 9,956 "," 3,989 "," 6,222 "," 1,244 ", -   , -   ,,,,,,,,,,,,,
110-B,B-110,,,,103,A,C,Abigail Garcia,Helen Lorena Monroy Jauregui,26/02/24,4.Plan de pagos," 477,700.00 "," 24,000.00 ", -   , -   , -   , -   , -   , -   , -   , -   , -   , -   , -   , 500.00 , -   ," 1,545.45 "," 1,045.45 "," 1,045.45 "," 1,045.45 "," 1,045.45 "," 1,045.45 "," 1,045.00 "," 1,045.45 "," 1,045.45 "," 1,045.45 ", 522.72 , -   ," 2,613.60 "," 2,090.90 ",," 2,090.90 "," 1,045.45 ", -   ," 1,045.45 ", -   ,,," 20,863.07 ",87%,"-3,136.93 ",-13%," 456,836.93 ",95.63%," 24,000.00 ",Vendido,Cliente al día, 22 , 1 , 23 , 500.00 ," 1,045.45 ",0, 18 ," 19,318 "," 10,431 "," 6,250 "," 4,182 "," 1,545 ", -   , -   ,,,,,,,,,,,,,
105-B,B-105,,,,104,A,B,Abigail Garcia,Astrid Marleny Pineda Gonzalez,28/11/23,4.Plan de pagos," 494,900.00 "," 23,900.00 ", -   , -   , -   , -   , -   , -   , -   , -   , -   , -   , -   , -   , -   , -   , -   , -   , -   , -   , -   , -   , 300.00 , 500.00 , -   , -   ," 1,000.00 ",, 500.00 ,, 500.00 ,," 13,000.00 "," 1,000.00 ", -   ," 1,600.00 ",," 18,400.00 ",77%,"-5,500.00 ",-23%," 476,500.00 ",96.28%," 23,900.00 ",Vendido,Cliente Atrasado, 13 , 1 , 14 , 300.00 ," 1,815.38 ",0, 21 ," 38,423 "," 2,300 ", -   ," 16,100 ", -   ," 20,023 ", 12 ,,,,,,,,,,,,,
107-B,B-105,,,,105,A,A,Abigail Garcia,Juan Carlos Carrillo Hernandez,2/10/23,4.Plan de pagos," 384,700.00 "," 38,500.00 ", -   , -   , -   , -   , -   , -   , -   ," 1,000.00 "," 1,785.00 "," 1,785.00 "," 1,785.00 "," 1,785.00 "," 1,785.00 "," 1,785.00 "," 1,785.00 "," 1,785.00 "," 1,785.00 "," 1,785.00 "," 1,785.00 "," 1,785.00 "," 1,785.00 "," 1,785.00 "," 1,785.00 "," 1,785.00 "," 1,785.00 "," 1,785.00 "," 1,785.00 "," 1,785.00 "," 1,785.00 "," 1,785.00 ", -   , -   , -   ,,," 40,270.00 ",105%," 1,770.00 ",5%," 344,430.00 ",89.53%," 38,500.00 ",Vendido,Superávit de Enganche, 21 , 1 , 22 ," 1,000.00 "," 1,784.29 ",0, 22 ," 40,254 "," 1,000 "," 35,700 "," 3,570 ", 16 , -   , -   ,,,,,,,,,,,,,
108-B,,,,,108,B,B,Eder Veliz,Esvin Luciano Quino Suret,21/08/25,4.Plan de pagos," 492,700.00 "," 24,700.00 ",,,,,,,,,,,,,,,,,,,,,,,,,,,,,," 1,500.00 ", -   ," 1,432.00 ", -   ," 1,432.00 ",," 4,364.00 ",18%,"-20,336.00 ",-82%," 488,336.00 ",99.11%," 24,700.00 ",Vendido,Cliente al día, 12 , 1 , 13 ," 1,500.00 "," 1,875.00 ",0, -   ," 1,500 ", -   , -   ," 4,364 "," 2,864 ", -   , -   ,,,,,,,,,,,,,
109-B,B-107,,,,108,A,B,Alejandra Calderón,Heidi Lisseth Morataya Flores,3/10/23,4.Plan de pagos," 494,900.00 "," 49,490.00 ", -   , -   , -   , -   , -   , -   , -   , 425.00 ," 2,434.74 "," 2,434.74 "," 2,434.74 "," 2,434.74 "," 2,434.74 "," 2,434.74 "," 2,434.74 "," 2,434.74 "," 2,434.74 "," 2,434.74 "," 2,434.74 "," 2,434.74 "," 2,434.74 "," 2,434.74 "," 2,434.74 "," 2,434.74 "," 2,434.74 "," 2,434.74 "," 2,434.74 ",,,, -   , -   , -   ,,," 46,685.06 ",94%,"-2,804.94 ",-6%," 448,214.94 ",90.57%," 49,490.00 ",Vendido,Cliente Atrasado, 19 , 1 , 20 ," 3,230.00 "," 2,434.74 ",20, 22 ," 56,794 "," 46,685 ", -   , -   , -   ," 10,109 ", 5 ,,,,,,,,,,,,,
103-B,B-109,,,,109,A,C,Pedro Sarti,María Angela Rodríguez Folgar,4/01/25,4.Plan de pagos," 477,700.00 "," 24,000.00 ", -   , -   , -   , -   , -   , -   , -   , -   , -   , -   , -   , -   , -   , -   , -   , -   , -   , -   , -   , -   , -   , -   ," 1,500.00 ", -   ," 3,737.50 ",," 1,888.00 ",," 5,625.00 ",," 5,625.00 ", -   , -   ,," 5,625.00 "," 24,000.50 ",100%, 0.50 ,0%," 453,699.50 ",94.98%," 24,000.00 ",Vendido,Superávit de Enganche, 12 , 1 , 13 ," 1,500.00 "," 1,875.00 ",0, 7 ," 14,625 "," 1,500 "," 5,626 "," 16,875 "," 9,376 ", -   , -   ,,,,,,,,,,,,,
112-B,,,,,112,B,B,Efren Sanchez,LINDA ROS MONTERROSO CIFUENTES,5/08/25,2.Reservado," 487,000.00 "," 24,400.00 ", -   , -   , -   , -   , -   , -   , -   , -   , -   , -   , -   , -   , -   , -   , -   , -   , -   , -   , -   , -   , -   , -   , -   , -   , -   , -   , -   , -   , -   ," 1,500.00 ", -   , -   , -   ,,," 1,500.00 ",6%,"-22,900.00 ",-94%," 485,500.00 ",99.69%," 24,400.00 ",Vendido,Cliente al día,,, -   ,,,0, -   , -   , -   , -   ," 1,500 "," 1,500 ", -   ,#DIV/0!,,,,,,,,,,,,,
113-B,,,,,113,B,B,Eder Veliz,Ruth María Isabel Rodríguez Coronado,6/08/25,4.Plan de pagos," 487,000.00 "," 24,400.00 ",,,,,,,,,,,,,,,,,,,,,,,,,,,,,," 1,500.00 "," 1,431.25 "," 1,431.25 "," 1,431.25 "," 2,862.50 ",," 8,656.25 ",35%,"-15,743.75 ",-65%," 478,343.75 ",98.22%," 24,400.00 ",Vendido,Cliente al día,,, -   ,,,0, -   , -   , -   , -   ," 8,656 "," 8,656 ", -   ,#DIV/0!,,,,,,,,,,,,,
201-B,B-108,,,,201,A,B,Luis Esteban,Andrea Celeste Aparicio Juarez,7/04/24,4.Plan de pagos," 477,700.00 "," 24,000.00 ", -   , -   , -   , -   , -   , -   , -   , -   , -   , -   , -   , -   , -   ," 1,500.00 ", 546.00 ," 1,046.00 "," 1,046.00 "," 1,046.00 "," 1,045.00 "," 1,045.00 "," 1,046.00 "," 1,046.00 "," 1,046.00 "," 1,046.00 "," 1,046.00 "," 1,046.00 "," 1,046.00 "," 1,046.00 "," 1,046.00 "," 1,046.00 "," 1,046.00 "," 1,046.00 ", -   ," 1,046.00 "," 1,046.00 "," 21,918.00 ",91%,"-2,082.00 ",-9%," 455,782.00 ",95.41%," 24,000.00 ",Vendido,Cliente al día, 22 , 1 , 23 ," 1,000.00 "," 1,045.45 ",1, 16 ," 17,727 "," 2,636 "," 13,006 "," 6,276 "," 4,191 ", -   , -   ,,,,,,,,,,,,,
203-B,B-201,,,,202,A,C,Karina Fuentes,Byron Juventino López Mayen,27/11/23,4.Plan de pagos," 497,900.00 "," 49,800.00 ", -   , -   , -   , -   , -   , -   , -   , -   , 500.00 ," 2,240.91 "," 2,240.91 "," 2,240.91 "," 2,240.91 "," 2,240.91 "," 2,240.91 "," 2,240.91 "," 2,240.91 "," 2,240.91 "," 2,240.91 "," 2,240.91 "," 2,240.91 "," 2,240.91 "," 2,240.91 "," 2,240.91 "," 2,240.91 "," 2,240.91 "," 2,240.91 "," 2,240.91 "," 2,240.91 "," 2,240.91 "," 2,240.91 ", -   , -   ,,," 49,800.02 ",100%, 0.02 ,0%," 448,099.98 ",90.00%," 49,800.00 ",Vendido,Superávit de Enganche, 22 , 1 , 23 , 500.00 ," 2,240.91 ",0, 21 ," 47,559 "," 43,077 ", -   ," 6,723 "," 2,241 ", -   , -   ,,,,,,,,,,,,,
204-B,B-203,,,,203,A,C,Abigail Garcia,Jesica Paola Noj Ramirez,6/07/24,4.Plan de pagos," 477,000.00 "," 24,000.00 ", -   , -   , -   , -   , -   , -   , -   , -   , -   , -   , -   , -   , -   , -   , -   , -   ," 1,500.00 "," 1,323.53 ", -   , -   ," 2,647.06 "," 1,323.53 "," 1,323.53 ", -   ," 2,647.06 "," 1,323.53 ",," 1,323.53 ",," 1,323.53 "," 1,323.53 "," 1,323.53 ", -   ," 1,323.52 ",," 18,705.88 ",78%,"-5,294.12 ",-22%," 458,294.12 ",96.08%," 24,000.00 ",Vendido,Cliente Atrasado, 16 , 1 , 17 ," 1,500.00 "," 1,323.53 ",4, 13 ," 18,706 "," 6,618 "," 6,794 "," 5,294 ", -   , 0 , 1 ,,,,,,,,,,,,,
205-B,B-204,,,,204,A,B,Abigail Garcia,Gerber Eliezer Perez Alonzo,6/07/24,4.Plan de pagos," 477,700.00 "," 24,000.00 ", -   , -   , -   , -   , -   , -   , -   , -   , -   , -   , -   , -   , -   , -   , -   , -   ," 1,500.00 "," 1,323.53 "," 1,323.53 "," 1,323.53 "," 1,323.53 "," 1,323.53 "," 1,323.53 "," 1,323.53 "," 1,323.53 ",," 2,647.06 ",," 2,647.06 "," 1,323.53 "," 1,323.53 "," 1,323.53 ", -   ," 1,323.54 ",," 22,676.49 ",94%,"-1,323.51 ",-6%," 455,023.51 ",95.25%," 24,000.00 ",Vendido,Cliente al día, 16 , 1 , 17 ," 1,500.00 "," 1,323.53 ",8, 13 ," 18,706 "," 10,588 "," 4,147 "," 7,941 "," 3,971 ", -   , -   ,,,,,,,,,,,,,
207-B,B-205,,,,205,A,A,Abigail Garcia,Saulo Josue Escobar Pérez,9/11/23,4.Plan de pagos," 384,700.00 "," 38,500.00 ", -   , -   , -   , -   , -   , -   , -   , -   ," 1,000.00 "," 1,703.18 "," 1,703.18 "," 1,703.18 "," 1,703.18 "," 1,703.18 "," 1,703.18 "," 1,703.18 "," 1,703.18 "," 1,703.18 "," 1,703.18 "," 1,703.18 "," 1,703.18 ", -   ," 3,406.36 "," 1,703.18 ", -   ," 3,406.36 "," 1,703.18 ",," 3,406.36 "," 1,703.18 "," 1,703.18 ", -   , -   ,,," 38,469.96 ",100%,-30.04 ,0%," 346,230.04 ",90.00%," 38,500.00 ",Vendido,Cliente al día, 22 , 1 , 23 ," 1,000.00 "," 1,704.55 ",0, 21 ," 36,796 "," 24,845 "," 6,813 "," 6,813 "," 1,674 ", -   , -   ,,,,,,,,,,,,,
208-B,B-207,,,,207,A,B,Abigail Garcia,Monica Aide Espital Balan,25/10/23,4.Plan de pagos," 494,900.00 "," 49,500.00 ", -   , -   , -   , -   , -   , -   , -   , 500.00 ," 1,500.00 ", -   ," 2,374.50 "," 2,374.50 "," 2,374.50 "," 2,374.50 "," 2,374.50 "," 2,374.50 "," 2,374.50 "," 2,374.50 "," 2,374.50 "," 2,374.50 "," 2,374.50 "," 2,374.50 "," 2,374.50 "," 2,374.50 "," 2,374.50 ",," 2,374.50 "," 2,374.50 "," 2,374.50 "," 2,374.50 ", 10.00 , -   , -   ,,," 47,125.50 ",95%,"-2,374.50 ",-5%," 447,774.50 ",90.48%," 49,500.00 ",Vendido,Cliente Atrasado, 22 , 1 , 23 , 500.00 ," 2,374.50 ",0, 22 ," 52,739 "," 42,367 ", -   ," 4,759 ", -   ," 5,614 ", 3 ,,,,,,,,,,,,,
210-B,B-208,,,,209,A,C,Antonio Rada,Joyce Sharon Cruz Arguello,14/10/24,4.Plan de pagos," 477,000.00 "," 23,900.00 ", -   , -   , -   , -   , -   , -   , -   ,,,,,,,,,,,,, 500.00 ," 1,678.57 "," 1,678.57 "," 1,678.57 "," 1,678.57 "," 1,678.57 "," 1,678.57 "," 1,678.57 "," 1,678.57 "," 1,678.57 "," 1,678.57 "," 1,678.57 "," 1,678.57 ", -   ," 1,678.57 "," 1,678.57 "," 23,999.98 ",100%, 99.98 ,0%," 453,000.02 ",94.97%," 23,900.00 ",Vendido,Superávit de Enganche, 14 , 1 , 15 , 500.00 ," 1,671.43 ",0, 10 ," 17,214 ", 500 ," 13,429 "," 10,071 "," 6,786 ", -   , -   ,,,,,,,,,,,,,
202-B,B-210,,,,210,A,B,Efren Sanchez,Carlos Humberto Joel Alvizures Carmona / Katherine Areli Turcios Alvarez,4/10/24,4.Plan de pagos," 477,700.00 "," 23,900.00 ", -   , -   , -   , -   , -   , -   , -   ,,,,,,,,,,,,," 1,493.33 "," 1,493.33 ", -   , -   , -   ," 1,493.33 "," 1,493.33 ",,,,, -   , -   , -   ,,," 5,973.32 ",25%,"-17,926.68 ",-75%," 471,726.68 ",98.75%," 23,900.00 ",Vendido,Cliente Atrasado, 15 , 1 , 16 ," 1,500.00 "," 1,493.33 ",4, 10 ," 16,433 "," 5,973 ", -   , -   , -   ," 10,460 ", 8 ,,,,,,,,,,,,,
211-B,,,,,211,B,,Eder Veliz,Flor del Rocio Guarcas Samayoa,22/08/25,4.Plan de pagos," 492,000.00 "," 24,700.00 ",,,,,,,,,,,,,,,,,,,,,,,,,,,,,," 1,500.00 "," 1,364.71 "," 1,364.71 ", -   ," 1,364.71 "," 1,364.71 "," 6,958.84 ",28%,"-17,741.16 ",-72%," 485,041.16 ",98.59%," 24,700.00 ",Vendido,Cliente al día, 15 , 1 , 16 ," 1,500.00 "," 1,493.33 ",0, -   ," 1,500 ", -   , -   ," 6,959 "," 5,459 ", -   , -   ,,,,,,,,,,,,,
212-B,,,,,212,B,B,Pablo Marroquin,DYLAN ALEXANDER RAMOS CAMPOS,5/08/25,4.Plan de pagos," 487,700.00 "," 24,400.00 ",,,,,,,,,,,,,,,,,,,,,,,,,,,,,," 1,500.00 "," 1,347.06 "," 1,347.06 ", -   ," 1,347.06 ",," 5,541.18 ",23%,"-18,858.82 ",-77%," 482,158.82 ",98.86%," 24,400.00 ",Vendido,Cliente al día, 15 , 1 , 16 ," 1,500.00 "," 1,493.33 ",0, -   ," 1,500 ", -   , -   ," 5,541 "," 4,041 ", -   , -   ,,,,,,,,,,,,,
213-B,,,,,213,B,B,Pablo Marroquin,Blanca Iris Garcia Figueroa de Jocol / Ricardo Ernesto Jocol Molina,17/08/25,4.Plan de pagos," 492,700.00 "," 24,700.00 ",,,,,,,,,,,,,,,,,,,,,,,,,,,,,, 750.00 ," 1,364.71 "," 1,364.71 ", -   ," 1,347.06 ",," 4,826.48 ",20%,"-19,873.52 ",-80%," 487,873.52 ",99.02%," 24,700.00 ",Vendido,Cliente al día, 15 , 1 , 16 ," 1,500.00 "," 1,493.33 ",0, -   ," 1,500 ", -   , -   ," 4,826 "," 3,326 ", -   , -   ,,,,,,,,,,,,,
301-B,B-210,,,,301,A,B,Eder Veliz,Erick Alejandro Martinez Morales,30/05/25,4.Plan de pagos," 477,700.00 "," 23,900.00 ", -   , -   , -   , -   , -   , -   , -   , -   , -   , -   , -   , -   , -   , -   , -   , -   , -   , -   , -   , -   , -   , -   , -   , -   , -   ,," 1,500.00 ",," 1,494.00 ",," 1,494.00 "," 2,988.00 ", -   ,,," 7,476.00 ",31%,"-16,424.00 ",-69%," 470,224.00 ",98.44%," 23,900.00 ",Vendido,Cliente al día, 15 , 1 , 16 ," 1,500.00 "," 1,493.38 ",0, 3 ," 5,980 ", -   ," 1,500 "," 5,976 "," 1,496 ", -   , -   ,,,,,,,,,,,,,
303-B,B-202,,,,302,A,C,Eder Veliz,Victor Manuel Mijangos Castillo,26/05/25,4.Plan de pagos," 477,000.00 "," 23,900.00 ", -   , -   , -   , -   , -   , -   , -   , -   , -   , -   , -   , -   , -   ,,, -   , -   , -   , -   , -   , -   , -   , -   , -   , -   ,," 1,500.00 ",," 1,400.00 ",, -   , -   , -   ,,," 2,900.00 ",12%,"-21,000.00 ",-88%," 474,100.00 ",99.39%," 23,900.00 ",Vendido,Cliente Atrasado, 16 , 1 , 17 ," 1,500.00 "," 1,400.00 ",0, 3 ," 5,700 ", -   ," 1,500 "," 1,400 ", -   ," 2,800 ", 2 ,,,,,,,,,,,,,
302-B,B-202,,,,302,B,B,Eder Veliz,Melany Ninneth Flores & Erick Daniel Ramirez,3/08/25,4.Plan de pagos," 487,700.00 "," 24,400.00 ", -   , -   , -   , -   , -   , -   , -   , -   , -   , -   , -   , -   , -   ,,, -   , -   , -   , -   , -   , -   , -   , -   , -   , -   ,,,,," 1,500.00 "," 2,694.12 "," 1,347.06 ", -   ," 1,342.00 ",," 6,883.18 ",28%,"-17,516.82 ",-72%," 480,816.82 ",98.59%," 24,400.00 ",Vendido,Cliente al día, 16 , 1 , 17 ," 1,500.00 "," 1,400.00 ",0, -   ," 1,500 ", -   , -   ," 6,883 "," 5,383 ", -   , -   ,,,,,,,,,,,,,
304-B,B-301,,,,303,A,C,Antonio Rada,Xiomara Edith García Solís De Morales,9/12/24,4.Plan de pagos," 477,000.00 "," 23,900.00 ", -   , -   , -   , -   , -   , -   , -   , -   , -   , -   , -   , -   , -   , -   , -   , -   , -   , -   , -   , -   , -   ," 1,500.00 "," 1,723.08 "," 1,723.08 "," 1,723.08 "," 1,723.08 "," 1,723.08 "," 1,723.08 "," 1,723.08 "," 1,724.00 "," 1,724.00 "," 1,724.00 ", -   ," 1,725.00 "," 1,725.00 "," 22,183.56 ",93%,"-1,716.44 ",-7%," 454,816.44 ",95.35%," 23,900.00 ",Vendido,Cliente al día, 13 , 1 , 14 ," 1,500.00 "," 1,723.08 ",0, 8 ," 15,285 "," 11,838 ", -   ," 10,345 "," 6,899 ", -   , -   ,,,,,,,,,,,,,
306-B,B-303,,,,304,A,B,Efren Sanchez,Saul Esteban Mayen Santos,30/09/24,4.Plan de pagos," 477,700.00 "," 23,900.00 ", -   , -   , -   , -   , -   , -   , -   ,,,,,,,,,,,," 1,500.00 "," 1,500.00 "," 1,500.00 "," 1,500.00 ", -   ," 3,000.00 "," 1,500.00 ",," 1,500.00 "," 3,000.00 "," 1,500.00 ",, -   ," 1,500.00 ", -   ," 1,500.00 "," 1,500.00 "," 21,000.00 ",88%,"-2,900.00 ",-12%," 456,700.00 ",95.60%," 23,900.00 ",Vendido,Cliente al día, 15 , 1 , 16 ," 1,500.00 "," 1,493.33 ",0, 11 ," 17,927 ", -   ," 15,000 "," 6,000 "," 3,073 ", -   , -   ,,,,,,,,,,,,,
305-B,,,,,305,B,,Efren Sánchez,Dulce Rocio Medrano Barrera,7/07/25,4.Plan de pagos," 487,700.00 "," 23,900.00 ",,,,,,,,,,,,,,,,,,,,,,,,,,,,,," 1,500.00 ", -   , -   ," 1,347.06 "," 1,347.06 ",," 4,194.12 ",18%,"-19,705.88 ",-82%," 483,505.88 ",99.14%," 23,900.00 ",Vendido,Cliente al día, 16 , 1 , 17 ," 1,500.00 "," 1,062.50 ",0, 1 ," 2,563 ", -   , -   ," 4,194 "," 1,632 ", -   , -   ,,,,,,,,,,,,,
306-B,,,,,306,B,,Eder Veliz,Sara Fernanda Enriquez Lemus,30/08/25,4.Plan de pagos," 492,700.00 "," 24,700.00 ",,,,,,,,,,,,,,,,,,,,,,,,,,,,,," 1,500.00 ", -   ," 1,500.00 ", -   ," 3,000.00 ",," 6,000.00 ",24%,"-18,700.00 ",-76%," 486,700.00 ",98.78%," 24,700.00 ",Vendido,Cliente al día, 16 , 1 , 17 ," 1,500.00 "," 1,062.50 ",0, -   ," 1,500 ", -   , -   ," 6,000 "," 4,500 ", -   , -   ,,,,,,,,,,,,,
309-B,,,,,309,B,,Eder Veliz,Sara Fernanda Enriquez Lemus,30/08/25,4.Plan de pagos," 492,700.00 "," 24,700.00 ",,,,,,,,,,,,,,,,,,,,,,,,,,,,,," 1,500.00 ", -   ," 1,500.00 "," 1,346.06 "," 2,694.12 ",," 7,040.18 ",29%,"-17,659.82 ",-71%," 485,659.82 ",98.57%," 24,700.00 ",Vendido,Cliente al día, 16 , 1 , 17 ," 1,500.00 "," 1,062.50 ",0, -   ," 1,500 ", -   , -   ," 7,040 "," 5,540 ", -   , -   ,,,,,,,,,,,,,
305-A,B-303,,,,305,A,A,Eder Veliz,Andrea Yohana Cabrera Velasquez,5/06/25,2.Reservado," 369,600.00 "," 18,500.00 ", -   , -   , -   , -   , -   , -   , -   , -   , -   , -   , -   , -   , -   , -   , -   , -   , -   , -   , -   , -   , -   , -   , -   , -   , -   ,,," 1,500.00 ",,, -   , -   , -   ,,," 1,500.00 ",8%,"-17,000.00 ",-92%," 368,100.00 ",99.59%," 18,500.00 ",Vendido,Cliente Atrasado, 16 , 1 , 17 ," 1,500.00 "," 1,062.50 ",0, 2 ," 3,625 ", -   ," 1,500 ", -   , -   ," 2,125 ", 2 ,,,,,,,,,,,,,
310-B,,,,,308,A,C,Abigail Garcia,Eddy Daniel Roque Arellanos,8/04/24,4.Plan de pagos," 477,000.00 "," 24,000.00 ", -   , -   , -   , -   , -   , -   , -   , -   , -   , -   , -   , -   , -   ," 2,700.00 "," 1,200.00 ", -   ," 2,400.00 ", -   ," 1,200.00 "," 1,200.00 "," 1,200.00 "," 2,400.00 ", -   ," 2,400.00 "," 1,200.00 "," 1,200.00 "," 1,200.00 "," 1,200.00 "," 1,200.00 "," 1,200.00 "," 1,200.00 "," 1,200.00 ", -   ," 2,400.00 ",," 26,700.00 ",111%," 2,700.00 ",11%," 450,300.00 ",94.40%," 24,000.00 ",Vendido,Superávit de Enganche, 20 , 1 , 21 ," 1,500.00 "," 1,125.00 ",7, 16 ," 19,500 ", -   ," 19,500 "," 7,200 "," 7,200 ", -   , -   ,,,,,,,,,,,,,
309-A,,,,,309,A,B,Efren Sanchéz,Rosita Elvira Clara Pineda,25/06/25,2.Reservado," 477,700.00 "," 23,900.00 ", -   , -   , -   , -   , -   , -   , -   , -   , -   , -   , -   , -   , -   , -   , -   , -   , -   , -   , -   , -   , -   , -   , -   , -   , -   ,,," 1,500.00 ",, -   , -   , -   , -   , -   ,," 1,500.00 ",6%,"-21,500.00 ",-90%," 476,200.00 ",99.69%," 23,000.00 ",Vendido,Cliente Atrasado, 16 , 1 , 17 ," 1,500.00 "," 1,400.00 ",0, 2 ," 4,300 ", -   ," 1,500 ", -   , -   ," 2,800 ", 2 ,,,,,,,,,,,,,
401-B,B-310,,,,401,A,B,Karina Fuentes,Lourdes Ofelia Baires,2/12/23,4.Plan de pagos," 494,900.00 "," 49,500.00 ", -   , -   , -   , -   , -   , -   , -   , -   , -   , 500.00 ," 2,333.33 "," 2,333.33 "," 2,333.33 ", -   ," 2,333.33 "," 2,333.33 "," 2,333.33 "," 4,666.66 ", -   ," 2,333.33 "," 2,333.33 "," 2,333.33 "," 2,333.33 "," 2,333.33 "," 2,333.33 "," 2,333.33 "," 4,666.66 ",," 2,333.33 "," 2,333.33 "," 2,333.33 ", -   ," 2,333.33 ",,," 49,499.93 ",100%,-0.07 ,0%," 445,400.07 ",90.00%," 49,500.00 ",Vendido,Cliente al día, 22 , 1 , 23 , 500.00 ," 2,333.33 ",0, 20 ," 47,167 "," 30,833 "," 9,333 "," 9,333 "," 2,333 ", -   , -   ,,,,,,,,,,,,,
404-B,,,,,403,A,C,Luis Esteban,Luis Fernando Tique Santos,14/05/24,4.Plan de pagos," 477,000.00 "," 23,900.00 ", -   , -   , -   , -   , -   , -   , -   , -   , -   , -   , -   , -   , -   , -   ," 1,500.00 "," 1,179.00 "," 1,179.00 "," 1,179.00 "," 1,179.00 "," 1,179.00 ", -   ," 1,179.00 ", -   ," 3,537.00 ", -   ,,," 2,359.00 ",,, -   , -   , -   ,,," 14,470.00 ",61%,"-9,430.00 ",-39%," 462,530.00 ",96.97%," 23,900.00 ",Vendido,Cliente Atrasado, 19 , 1 , 20 ," 1,500.00 "," 1,178.95 ",6, 15 ," 19,184 ", -   ," 14,470 ", -   , -   ," 4,714 ", 4 ,,,,,,,,,,,,,
,,,,,403,B,C,Efren Sanchez,ESTEFAN GUADALUPE JUÁREZ GIRÓN DE PEREZ,8/01/26,2.Reservado," 492,000.00 "," 24,600.00 ",,,,,,,,,,,,,,,,,,,,,,,,,,,,,, -   , -   , -   , -   ,," 3,000.00 "," 3,000.00 ",12%,"-21,600.00 ",-88%," 489,000.00 ",99.39%," 24,600.00 ",Vendido,#NUM!, 19 , 1 , 20 ," 1,500.00 "," 1,178.95 ",0,#NUM!,#NUM!, -   , -   ," 3,000 ",#NUM!,#NUM!,#NUM!,,,,,,,,,,,,,
405-A,B-401,,,,405,A,A,Efren Sanchez,Sara Esmeralda López Hernández,30/06/25,4.Plan de pagos," 369,600.00 "," 18,500.00 ", -   , -   , -   , -   , -   , -   , -   , -   , -   , -   , -   , -   , -   , -   , -   , -   , -   , -   , -   , -   ,,,,,,,," 1,500.00 "," 1,062.50 "," 1,062.50 "," 1,800.00 "," 1,062.50 ", -   ," 1,062.50 "," 1,062.50 "," 8,612.50 ",47%,"-9,887.50 ",-53%," 360,987.50 ",97.67%," 18,500.00 ",Vendido,Cliente al día, 16 , 1 , 17 ," 1,500.00 "," 1,062.50 ",0, 2 ," 3,625 ", -   ," 1,500 "," 7,113 "," 4,988 ", -   , -   ,,,,,,,,,,,,,
404-B,,,,,404,B,B,Efren Sanchez,Amanda Aracely Castillo Guzman,30/11/24,4.Plan de pagos," 477,000.00 "," 100,000.00 ", -   , -   , -   , -   , -   , -   , -   , -   , -   , -   , -   , -   , -   , -   , -   , -   , -   , -   , -   , -   , 500.00 ," 1,800.00 ", -   ," 3,600.00 "," 1,800.00 ",," 1,800.00 "," 1,800.00 "," 1,800.00 "," 1,800.00 "," 1,062.50 "," 1,800.00 "," 1,800.00 "," 1,800.00 "," 1,800.00 "," 23,162.50 ",23%,"-76,837.50 ",-77%," 453,837.50 ",95.14%," 100,000.00 ",Vendido,Cliente al día, 13 , 1 , 14 , 500.00 ," 1,800.00 ",0, 9 ," 16,700 "," 7,700 "," 3,600 "," 11,863 "," 6,463 ", -   , -   ,,,,,,,,,,,,,
408-B,B-403,,,,407,A,B,Eder Veliz,Alan Emanuel Tunches Huertas,10/05/25,4.Plan de pagos," 477,700.00 "," 23,900.00 ", -   , -   , -   , -   , -   , -   , -   , -   , -   , -   , -   , -   , -   , -   , -   , -   , -   , -   , -   , -   , -   , -   , -   , -   , -   ,," 1,500.00 "," 3,282.00 "," 1,867.00 ",," 3,734.00 "," 1,867.00 ", -   ," 1,867.00 ",," 14,117.00 ",59%,"-9,783.00 ",-41%," 463,583.00 ",97.04%," 23,900.00 ",Vendido,Cliente al día, 12 , 1 , 13 ," 1,500.00 "," 1,866.67 ",0, 3 ," 7,100 "," 1,500 "," 3,282 "," 9,335 "," 7,017 ", -   , -   ,,,,,,,,,,,,,
407-B,,,,,407,B,A,Pablo Marroquin,Mauricio Ricardo Mármol Vásquez,6/08/25,4.Plan de pagos," 379,600.00 "," 20,000.00 ",,,,,,,,,,,,,,,,,,,,,,,,,,,,,," 1,500.00 "," 1,029.41 "," 1,029.41 "," 1,029.41 "," 1,029.41 "," 1,029.41 "," 6,647.05 ",33%,"-13,352.95 ",-67%," 372,952.95 ",98.25%," 20,000.00 ",Vendido,Cliente al día, 12 , 1 , 13 ," 1,500.00 "," 1,866.67 ",0, -   ," 1,500 ", -   , -   ," 6,647 "," 5,147 ", -   , -   ,,,,,,,,,,,,,
402-B,B-404,,,,409,A,B,Efren Sanchez,Rudy Ronaldo Peña Larios,31/03/25,4.Plan de pagos," 477,700.00 "," 23,900.00 ", -   , -   , -   , -   , -   , -   , -   , -   , -   , -   , -   , -   , -   , -   , -   , -   , -   , -   , -   , -   , -   , -   , -   , -   ," 1,500.00 "," 1,500.00 ",," 1,500.00 "," 3,000.00 "," 1,500.00 "," 1,500.00 "," 1,500.00 "," 1,500.00 "," 1,500.00 "," 1,500.00 "," 16,500.00 ",69%,"-7,400.00 ",-31%," 461,200.00 ",96.55%," 23,900.00 ",Vendido,Cliente al día, 15 , 1 , 16 ," 1,500.00 "," 1,493.33 ",0, 5 ," 8,967 ", -   ," 4,500 "," 12,000 "," 7,533 ", -   , -   ,,,,,,,,,,,,,
413-B,,,,,410,A,B,Abigail Garcia,Carla Yanira Castillo,17/03/24,4.Plan de pagos," 477,700.00 "," 24,000.00 ", -   , -   , -   , -   , -   , -   , -   , -   , -   , -   , -   , -   ," 1,000.00 ", -   ," 1,095.00 "," 1,095.00 "," 1,095.00 "," 1,095.00 "," 1,095.00 ", -   , -   ," 2,190.00 "," 1,095.00 ", -   ," 1,095.00 "," 1,095.00 "," 1,095.00 "," 1,095.00 "," 3,285.00 ",, -   , -   , -   ,,," 17,425.00 ",73%,"-6,575.00 ",-27%," 460,275.00 ",96.35%," 24,000.00 ",Vendido,Cliente Atrasado, 21 , 1 , 22 ," 1,000.00 "," 1,095.24 ",0, 17 ," 19,619 "," 11,950 "," 2,190 "," 3,285 ", -   ," 2,194 ", 3 ,,,,,,,,,,,,,
412-B,,,,,412,B,,Eder Veliz,Edgar Manfredo Hernández Cabrera,21/08/25,4.Plan de pagos," 492,700.00 "," 24,700.00 ",,,,,,,,,,,,,,,,,,,,,,,,,,,,,," 1,500.00 ", -   ," 2,730.00 ", -   ,,," 4,230.00 ",17%,"-20,470.00 ",-83%," 488,470.00 ",99.14%," 24,700.00 ",Vendido,Cliente al día, 21 , 1 , 22 ," 1,000.00 "," 1,095.24 ",0, -   ," 1,000 ", -   , -   ," 4,230 "," 3,230 ", -   , -   ,,,,,,,,,,,,,
503-C,B-402,,,,502,A,C,Karina Fuentes,Oscar Oswaldo Ramos Gil,10/12/23,4.Plan de pagos," 497,900.00 "," 49,800.00 ", -   , -   , -   , -   , -   , -   , -   , -   , -   ," 1,000.00 "," 4,647.62 "," 2,323.81 "," 2,323.81 "," 2,323.81 "," 2,323.81 ", -   ," 4,647.62 ", -   ," 2,323.81 "," 4,647.62 "," 2,323.81 "," 2,323.81 "," 2,323.81 "," 2,323.81 ", -   ," 4,647.62 ",," 2,323.81 "," 4,647.62 "," 2,323.80 ", -   , -   , -   ,,," 49,800.00 ",100%, -   ,0%," 448,100.00 ",90.00%," 49,800.00 ",Vendido,Enganche Completado, 22 , 1 , 23 ," 1,000.00 "," 2,323.81 ",0, 20 ," 47,476 "," 24,238 "," 18,590 "," 6,971 "," 2,324 ", -   , -   ,,,,,,,,,,,,,
502-B,,,,,502,B,,Pablo Marroquin,JURGEN ALEXANDER HERNANDEZ CAMPOSECO,24/08/25,4.Plan de pagos," 492,700.00 "," 24,700.00 ",,,,,,,,,,,,,,,,,,,,,,,,,,,,,," 1,500.00 "," 1,365.00 "," 1,350.00 ", -   ,," 1,350.00 "," 5,565.00 ",23%,"-19,135.00 ",-77%," 487,135.00 ",98.87%," 24,700.00 ",Vendido,Cliente al día, 16 , 1 , 17 ," 1,500.00 "," 1,400.00 ",0, -   ," 1,500 ", -   , -   ," 5,565 "," 4,065 ", -   , -   ,,,,,,,,,,,,,
503-A,B-413,,,,503,A,A,Pablo Marroquín,Michael Alexander Morales Rodríguez / Helen Mishel Rodas López de Morales  ,27/06/25,4.Plan de pagos," 477,000.00 "," 23,900.00 ",,,,,,,,,,,,,,,,,,,,,,,,,,,,," 2,900.00 "," 1,400.00 "," 1,400.00 "," 1,400.00 ", -   ," 1,400.00 "," 1,400.00 "," 9,900.00 ",41%,"-14,000.00 ",-59%," 467,100.00 ",97.92%," 23,900.00 ",Vendido,Cliente al día, 16 , 1 , 17 ," 1,500.00 "," 1,400.00 ",0, 2 ," 4,300 ", -   , -   ," 9,900 "," 5,600 ", -   , -   ,,,,,,,,,,,,,
504-A,,,,,504,A,B,Pablo Marroquín,Diego Estuardo Salguero Salvatierra,28/06/25,4.Plan de pagos," 477,700.00 "," 23,900.00 ", -   , -   , -   , -   , -   , -   , -   , -   , -   , -   , -   , -   , -   , -   , -   , -   , -   , -   , -   , -   , -   , -   , -   , -   , -   ,,," 1,500.00 ",,, -   ," 2,800.00 ", -   ,," 1,400.00 "," 5,700.00 ",24%,"-18,200.00 ",-76%," 472,000.00 ",98.81%," 23,900.00 ",Vendido,Cliente al día, 16 , 1 , 17 ," 1,500.00 "," 1,400.00 ",0, 2 ," 4,300 ", -   ," 1,500 "," 4,200 "," 1,400 ", -   , -   ,,,,,,,,,,,,,
505-B,,,,,505,B,C,Efren Sanchez,YENIFER ESTEFANIA SANTOS GONZÁLEZ / JUAN EDUARDO FLORES BARRERA,9/08/25,2.Reservado," 487,000.00 "," 24,400.00 ",,,,,,,,,,,,,,,,,,,,,,,,,,,,,," 1,000.00 ", -   , -   ," 1,400.00 "," 1,400.00 "," 1,400.00 "," 5,200.00 ",21%,"-19,200.00 ",-79%," 481,800.00 ",98.93%," 24,400.00 ",Vendido,Cliente al día, 16 , 1 , 17 ," 1,500.00 "," 1,400.00 ",0, -   ," 1,500 ", -   , -   ," 5,200 "," 3,700 ", -   , -   ,,,,,,,,,,,,,
504-B,,,,,504,B,C,Efren Sanchez,ISRAEL ARMANDO MARROQUIN PEREZ,14/08/25,4.Plan de pagos," 487,000.00 "," 24,400.00 ",,,,,,,,,,,,,,,,,,,,,,,,,,,,,," 2,000.00 "," 1,347.06 "," 1,347.06 ", -   ," 1,347.06 "," 1,374.06 "," 7,415.24 ",30%,"-16,984.76 ",-70%," 479,584.76 ",98.48%," 24,400.00 ",Vendido,Cliente al día, 16 , 1 , 17 ," 1,500.00 "," 1,400.00 ",0, -   ," 1,500 ", -   , -   ," 7,415 "," 5,915 ", -   , -   ,,,,,,,,,,,,,
507-B,B-503,,,,505,A,A,Pedro Sarti,David Enrique Aldana Mazariegos,5/02/25,4.Plan de pagos," 369,600.00 "," 18,500.00 ", -   , -   , -   , -   , -   , -   , -   , -   , -   , -   , -   , -   , -   , -   , -   , -   , -   , -   , -   , -   , -   , -   , -   ," 2,562.50 "," 1,100.00 "," 1,100.00 ",," 1,100.00 "," 1,100.00 "," 1,100.00 "," 1,100.00 "," 1,100.00 ", -   ," 1,100.00 "," 1,100.00 "," 12,462.50 ",67%,"-6,037.50 ",-33%," 357,137.50 ",96.63%," 18,500.00 ",Vendido,Cliente al día, 16 , 1 , 17 ," 1,500.00 "," 1,062.50 ",2, 6 ," 7,875 ", -   ," 5,863 "," 6,600 "," 4,588 ", -   , -   ,,,,,,,,,,,,,
507-A,,,,,507,A,A,Eder Veliz,Edwin Alexander Amado Toc / Jennifer Alexa Castañeda Alvarez,28/06/25,4.Plan de pagos," 477,000.00 "," 23,900.00 ",,,,,,,,,,,,,,,,,,,,,,,,,,,," 1,500.00 ",,, -   , -   , -   ,,," 1,500.00 ",6%,"-22,400.00 ",-94%," 475,500.00 ",99.69%," 23,900.00 ",Vendido,Cliente al día, 16 , 1 , 17 ," 1,500.00 "," 1,400.00 ",0, 2 ,,,,,,,,,,,,,,,,,,,,
508-A,,,,,508,A,A,Eder Veliz,Sebastian Angel Milian Guas,28/06/25,4.Plan de pagos," 477,000.00 "," 23,900.00 ", -   , -   , -   , -   , -   , -   , -   , -   , -   , -   , -   , -   , -   , -   , -   , -   , -   , -   , -   , -   , -   , -   , -   , -   , -   ,,," 1,500.00 "," 1,400.00 "," 1,400.00 "," 1,400.00 "," 1,400.00 ", -   ," 1,400.00 "," 1,400.00 "," 9,900.00 ",41%,"-14,000.00 ",-59%," 467,100.00 ",97.92%," 23,900.00 ",Vendido,Cliente al día, 16 , 1 , 17 ," 1,500.00 "," 1,400.00 ",0, 2 ," 4,300 ", -   ," 1,500 "," 8,400 "," 5,600 ", -   ,,,,,,,,,,,,,,
410-B,B-507,,,,510,A,C,Antonio Rada,Oscar Daniel Larias Guzman,7/08/24,4.Plan de pagos," 477,000.00 "," 23,900.00 ", -   , -   , -   , -   , -   , -   , -   , -   , -   , -   , -   , -   , -   , -   , -   , -   , -   , 500.00 ," 1,462.50 "," 1,462.50 "," 1,462.50 "," 1,462.50 "," 1,462.50 "," 1,462.50 "," 1,462.50 "," 1,462.50 "," 1,462.50 "," 1,462.50 "," 1,462.50 "," 1,462.50 "," 1,462.50 "," 1,462.50 ", -   ," 1,462.50 "," 1,462.50 "," 23,900.00 ",100%, -   ,0%," 453,100.00 ",94.99%," 23,900.00 ",Vendido,Enganche Completado, 16 , 1 , 17 ," 1,500.00 "," 1,462.50 ",10, 12 ," 19,050 "," 15,125 ", -   ," 8,775 "," 4,850 ", -   , -   ,,,,,,,,,,,,,
510-B,B-507,,,,510,A,C,Efren Sanchez,Angel Gabriel Coc Gomez,10/08/25,2.Reservado," 487,000.00 "," 24,000.00 ", -   , -   , -   , -   , -   , -   , -   , -   , -   , -   , -   , -   , -   , -   , -   , -   , -   ,,,,,,,,,,,,," 1,500.00 ", -   , -   , -   ,,," 1,500.00 ",6%,"-22,500.00 ",-94%," 485,500.00 ",99.69%," 24,000.00 ",Vendido,Cliente al día, 16 , 1 , 17 ," 1,500.00 "," 1,462.50 ",0, -   ," 1,500 ", -   , -   ," 1,500 ", -   , -   , -   ,,,,,,,,,,,,,
511-B,,,,,511,B,C,Pablo Marroquin,JOSMIN JOAQUIN BARAHONA MORA,9/08/25,4.Plan de pagos," 487,000.00 "," 24,000.00 ",,,,,,,,,,,,,,,,,,,,,,,,,,,,,," 1,500.00 ", -   ," 1,347.06 ", -   ," 1,347.06 "," 1,347.06 "," 5,541.18 ",23%,"-18,458.82 ",-77%," 481,458.82 ",98.86%," 24,000.00 ",Vendido,Cliente al día, 16 , 1 , 17 ," 1,500.00 "," 1,462.50 ",0, -   ," 1,500 ", -   , -   ," 5,541 "," 4,041 ", -   , -   ,,,,,,,,,,,,,
602-B,,,,,601,A,B,Luis Esteban,Santos Sebastian Pastor Velasquez,25/04/24,4.Plan de pagos," 477,700.00 "," 23,900.00 ", -   , -   , -   , -   , -   , -   , -   , -   , -   , -   , -   , -   , -   ," 1,500.00 ", -   ," 1,000.00 ", -   , -   ," 1,729.50 ", -   ," 2,459.00 ", -   , -   , -   , -   ,,," 6,147.50 "," 4,918.00 ",, -   , -   , -   ,,," 17,754.00 ",74%,"-6,146.00 ",-26%," 459,946.00 ",96.28%," 23,900.00 ",Vendido,Cliente Atrasado, 20 , 1 , 21 ," 1,500.00 "," 1,229.50 ",1, 16 ," 21,172 "," 1,000 "," 11,836 "," 4,918 ", -   ," 3,418 ", 3 ,,,,,,,,,,,,,
603-B,,,,,602,A,C,Abigail Garcia,David Obdulio Perez Monzon,27/11/23,4.Plan de pagos," 497,900.00 "," 49,800.00 ", -   , -   , -   , -   , -   , -   , -   , -   , -   , -   , -   ," 1,000.00 "," 2,436.84 "," 2,437.00 "," 2,500.00 ", -   ," 2,500.00 ", -   ," 5,000.00 "," 2,500.00 ", -   , -   , -   , -   , -   ," 10,000.00 "," 8,000.00 ",,," 12,927.00 ", -   , -   , -   ,,," 49,300.84 ",99%,-499.16 ,-1%," 448,599.16 ",90.10%," 49,800.00 ",Vendido,Cliente Atrasado, 22 , 1 , 23 , 500.00 ," 2,436.84 ",0, 21 ," 51,674 "," 3,437 "," 32,937 "," 12,927 ", -   ," 2,373 ", 1 ,,,,,,,,,,,,,
604-A,B-410,,,,604,A,A,Paula Hernández,Juan Eduardo Lopez Suran,29/06/25,4.Plan de pagos," 477,700.00 "," 24,000.00 ",,,,,,,,,,,,,,,,,,,,,,,,,,,," 1,500.00 ", -   ,, -   , -   , -   ,,," 1,500.00 ",6%,"-22,500.00 ",-94%," 476,200.00 ",99.69%," 24,000.00 ",Vendido,Cliente Atrasado, 16 , 1 , 17 ," 1,500.00 "," 1,400.00 ",0, 2 ," 4,300 ", -   ," 1,500 ", -   , -   ," 2,800 ", 2 ,,,,,,,,,,,,,
,,,,,605,B,B,Rony Ramirez,Yoselin Siomara Yocute Yocute,17/01/26,2.Reservado," 492,700.00 "," 24,700.00 ",,,,,,,,,,,,,,,,,,,,,,,,,,, -   , -   ,," 1,500.00 ", -   , -   , -   ,," 1,500.00 "," 3,000.00 ",12%,"-21,700.00 ",-88%," 489,700.00 ",99.39%," 24,700.00 ",Vendido,#NUM!, 16 , 1 , 17 ," 1,500.00 "," 1,400.00 ",0,#NUM!,#NUM!, -   , -   ," 3,000 ",#NUM!,#NUM!,#NUM!,,,,,,,,,,,,,
606-A,B-602,,,,606,A,A,Eder Veliz,Ilse Mariela Rosales Diaz,29/06/25,4.Plan de pagos," 477,700.00 "," 23,900.00 ",,,,,,,,,,,,,,,,,,,,,,,,,,,," 1,500.00 "," 1,400.00 "," 1,400.00 "," 1,400.00 "," 1,400.00 ", -   ,,," 7,100.00 ",30%,"-16,800.00 ",-70%," 470,600.00 ",98.51%," 23,900.00 ",Vendido,Cliente al día, 16 , 1 , 17 ," 1,500.00 "," 1,400.00 ",0, 2 ," 4,300 ", -   ," 1,500 "," 5,600 "," 2,800 ", -   , -   ,,,,,,,,,,,,,
607-B,B-603,,,,607,A,A,Abigail Garcia,Luis Fernando Moreno Pozuelos,7/05/24,4.Plan de pagos," 369,600.00 "," 18,500.00 ", -   , -   , -   , -   , -   , -   , -   , -   , -   , -   , -   , -   , -   , -   ," 2,394.74 ", 894.74 , -   ," 1,789.48 ", -   , -   , 894.74 , 894.74 , 894.74 , 894.74 , 894.74 , 894.74 , 894.74 , 894.74 , 894.74 , 894.74 , -   ," 1,789.48 ", -   ,,," 15,815.84 ",85%,"-2,684.16 ",-15%," 353,784.16 ",95.72%," 18,500.00 ",Vendido,Cliente al día, 19 , 1 , 20 ," 1,500.00 ", 894.74 ,8, 15 ," 14,921 "," 8,053 "," 4,184 "," 3,579 ", 895 , -   , -   ,,,,,,,,,,,,,
610-B,,,,,608,A,C,Abigail Garcia,Jaquelyn Michel Chumil Castillo,28/04/24,4.Plan de pagos," 477,000.00 "," 24,000.00 ", -   , -   , -   , -   , -   , -   , -   , -   , -   , -   , -   , -   , -   ," 1,500.00 "," 1,125.00 "," 1,125.00 ", -   ," 2,250.00 ", -   ," 1,125.00 "," 1,125.00 "," 2,250.00 ", -   ," 1,125.00 "," 2,250.00 "," 1,125.00 "," 1,125.00 "," 1,125.00 "," 1,125.00 "," 1,125.00 ", -   ," 1,125.00 ", -   ," 1,125.00 ",," 21,750.00 ",91%,"-2,250.00 ",-9%," 455,250.00 ",95.44%," 24,000.00 ",Vendido,Cliente al día, 20 , 1 , 21 ," 1,500.00 "," 1,125.00 ",7, 16 ," 19,500 "," 9,000 "," 8,250 "," 4,500 "," 2,250 ", -   , -   ,,,,,,,,,,,,,
609-B,,,,,609,B,,Efren Sanchez,Emily Daniela Hernandez Vasquez,25/08/25,4.Plan de pagos," 492,700.00 "," 24,700.00 ",,,,,,,,,,,,,,,,,,,,,,,,,,,,,," 1,500.00 "," 1,364.71 "," 1,364.71 ", -   ," 2,729.42 ",," 6,958.84 ",28%,"-17,741.16 ",-72%," 485,741.16 ",98.59%," 24,700.00 ",Vendido,Cliente al día, 20 , 1 , 21 ," 1,500.00 "," 1,125.00 ",0, -   ," 1,500 ", -   , -   ," 6,959 "," 5,459 ", -   , -   ,,,,,,,,,,,,,
608-B,,,,,608,B,B,Efren Sanchez,Belter Anibal Collado Lopez ,17/08/25,4.Plan de pagos," 492,700.00 "," 24,700.00 ",,,,,,,,,,,,,,,,,,,,,,,,,,,,,," 1,500.00 "," 1,300.00 "," 1,300.00 ", -   ," 1,300.00 "," 1,300.00 "," 6,700.00 ",27%,"-18,000.00 ",-73%," 486,000.00 ",98.64%," 24,700.00 ",Vendido,Cliente al día, 20 , 1 , 21 ," 1,500.00 "," 1,125.00 ",0, -   ," 1,500 ", -   , -   ," 6,700 "," 5,200 ", -   , -   ,,,,,,,,,,,,,
612-B,,,,,610,A,B,Abigail Garcia,Walter Adolfo Max Toc Crux,27/02/24,4.Plan de pagos," 477,700.00 "," 24,000.00 ", -   , -   , -   , -   , -   , -   , -   , -   , -   , -   , -   ," 1,000.00 ", -   ," 1,045.45 "," 1,045.45 "," 1,045.45 "," 1,045.45 "," 1,045.45 "," 1,045.00 "," 1,045.45 "," 1,045.45 "," 1,045.45 "," 1,045.45 "," 1,045.45 "," 1,045.45 "," 1,045.45 "," 1,045.45 "," 1,045.45 "," 1,045.45 "," 1,045.45 ", -   , -   , -   ,,," 18,772.20 ",78%,"-5,227.80 ",-22%," 458,927.80 ",96.07%," 24,000.00 ",Vendido,Cliente Atrasado, 22 , 1 , 23 ," 1,000.00 "," 1,045.45 ",0, 18 ," 19,818 "," 16,681 ", -   ," 2,091 ", -   ," 1,046 ", 2 ,,,,,,,,,,,,,
611-B,,,,,611,B,C,Pablo Marroquin,MARLENY ARACELY JOCOL GARCIA / LUIS ALBERTO GRAJEDA LÓPEZ,9/08/25,4.Plan de pagos," 487,000.00 "," 24,000.00 ",,,,,,,,,,,,,,,,,,,,,,,,,,,,,," 1,500.00 ", -   ," 1,347.06 ", -   ," 2,696.00 ",," 5,543.06 ",23%,"-18,456.94 ",-77%," 481,456.94 ",98.86%," 24,000.00 ",Vendido,Cliente al día, 22 , 1 , 23 ," 1,000.00 "," 1,045.45 ",0, -   ," 1,000 ", -   , -   ," 5,543 "," 4,543 ", -   , -   ,,,,,,,,,,,,,
104-B,B-610,,,,104,B,C,Efren Sánchez,Rogerio Dagoberto Escobar Fajardo / Carmen Odila Escobar de León,27/07/25,4.Plan de pagos," 487,000.00 "," 24,400.00 ", -   , -   , -   , -   , -   , -   , -   ,,,,,,,,,,,,,,,,,,,,,," 3,000.00 "," 1,300.00 "," 1,300.00 "," 1,300.00 ", -   ," 1,500.00 "," 1,500.00 "," 9,900.00 ",41%,"-14,500.00 ",-59%," 477,100.00 ",97.97%," 24,400.00 ",Vendido,Cliente al día, 18 , 1 , 19 ," 1,500.00 "," 1,272.22 ",0, 1 ," 2,772 ", -   , -   ," 9,900 "," 7,128 ", -   , -   ,,,,,,,,,,,,,
106-B,B-612,,,,106,A,B,Abigail Garcia,Loida Sarai Morales Garcia,3/03/24,4.Plan de pagos," 477,700.00 "," 47,800.00 ", -   , -   , -   , -   , -   , -   , -   , -   , -   , -   , -   , -   ," 3,228.57 "," 2,228.57 "," 2,228.57 "," 2,228.57 "," 2,228.57 "," 2,228.57 "," 2,228.57 "," 2,228.57 ", -   ," 2,228.57 "," 2,228.57 "," 2,228.57 "," 4,457.14 ",," 2,228.57 "," 2,228.57 "," 2,228.57 "," 2,228.57 "," 2,228.57 "," 2,228.57 "," 2,228.57 "," 2,228.57 ",," 47,799.97 ",100%,-0.03 ,0%," 429,900.03 ",89.99%," 47,800.00 ",Vendido,Cliente al día, 21 , 1 , 22 ," 1,000.00 "," 2,228.57 ",0, 17 ," 38,886 "," 26,743 "," 7,686 "," 13,371 "," 8,914 ", -   , -   ,,,,,,,,,,,,,
206-B,B-106,,,,206,A,B,Abigail Garcia,Cristina Elizabeth Musin Hernandez,18/05/24,4.Plan de pagos," 477,700.00 "," 24,000.00 ", -   , -   , -   , -   , -   , -   , -   , -   , -   , -   , -   , -   , -   , -   ," 1,500.00 "," 1,184.21 "," 1,184.21 "," 1,184.21 "," 1,184.21 "," 1,184.21 "," 1,184.21 "," 5,921.05 ", -   , -   , -   ,," 1,184.21 "," 1,184.21 "," 1,184.21 "," 1,184.21 "," 1,184.21 "," 1,184.21 ", -   ," 1,184.21 ",," 22,815.78 ",95%,"-1,184.22 ",-5%," 454,884.22 ",95.22%," 24,000.00 ",Vendido,Cliente al día, 19 , 1 , 20 ," 1,500.00 "," 1,184.21 ",7, 15 ," 19,263 "," 9,474 "," 7,421 "," 5,921 "," 3,553 ", -   , -   ,,,,,,,,,,,,,
209-B,B-206,,,,209,B,B,Efren Sanchez,Douglas Alexander Crúz Cobar,30/07/25,4.Plan de pagos," 477,000.00 "," 23,900.00 ",,,,,,,,,,,,,,,,,,,,,,,,,,,,," 1,500.00 "," 1,272.22 "," 1,272.22 "," 1,272.22 ", -   ," 1,272.22 ",," 6,588.88 ",28%,"-17,311.12 ",-72%," 470,411.12 ",98.62%," 23,900.00 ",Vendido,Cliente al día, 18 , 1 , 19 ," 1,500.00 "," 1,272.22 ",0, 1 ," 2,772 ", -   , -   ," 6,589 "," 3,817 ", -   , -   ,,,,,,,,,,,,,
305-B,B-311,,,,305,B,B,Efren Sanchez,Angel Renato Muñoz de León  / Cesar Renato Muñoz de León,7/07/25,4.Plan de pagos," 487,700.00 "," 24,400.00 ", -   , -   , -   , -   , -   , -   , -   , -   , -   , -   , -   , -   , -   , -   , -   , -   , -   , -   , -   , -   , -   , -   , -   , -   , -   ,,,," 1,500.00 "," 1,272.22 ", -   , -   ," 1,347.06 ",,," 4,119.28 ",17%,"-20,280.72 ",-83%," 483,580.72 ",99.16%," 24,400.00 ",Vendido,Cliente al día, 18 , 1 , 19 ," 1,500.00 "," 1,272.22 ",0, 1 ," 2,772 ", -   , -   ," 4,119 "," 1,347 ", -   , -   ,,,,,,,,,,,,,
308-B,B-613,,,,308,B,B,Pablo Marroquin,Luis Javier Aguilar España,6/07/25,4.Plan de pagos," 487,700.00 "," 24,400.00 ", -   , -   , -   , -   , -   , -   , -   , -   , -   , -   , -   , -   , -   , -   , -   , -   , -   , -   , -   , -   , -   , -   , -   , -   , -   ,,,, 750.00 ," 1,272.22 "," 1,272.22 "," 1,272.22 ", -   ," 1,272.22 "," 1,282.22 "," 7,121.10 ",29%,"-17,278.90 ",-71%," 480,578.90 ",98.54%," 24,400.00 ",Vendido,Cliente al día, 18 , 1 , 19 ," 1,500.00 "," 1,272.22 ",0, 1 ," 2,772 ", -   , -   ," 7,121 "," 4,349 ", -   , -   ,,,,,,,,,,,,,
311-B,,,,,311,A,C,Antonio Rada,Pedro David Pérez Barrios,15/05/24,4.Plan de pagos," 477,000.00 "," 23,900.00 ", -   , -   , -   , -   , -   , -   , -   , -   , -   , -   , -   , -   , -   , -   ," 1,500.00 "," 2,000.00 "," 1,200.00 "," 1,200.00 "," 1,200.00 "," 1,200.00 "," 1,200.00 "," 1,200.00 "," 1,200.00 "," 1,200.00 ", -   ," 2,400.00 "," 1,200.00 ",," 1,200.00 "," 1,200.00 ", -   ," 2,400.00 ", -   ," 1,200.00 ",," 22,700.00 ",95%,"-1,200.00 ",-5%," 454,300.00 ",95.24%," 23,900.00 ",Vendido,Cliente al día, 11 , 1 , 12 ," 1,500.00 "," 1,178.95 ",9, 15 ," 19,184 ", -   ," 16,700 "," 6,000 "," 3,516 ", -   , -   ,,,,,,,,,,,,,
312-B,,,,,312,B,B,Eder Veliz,Julian Guillermo Ramirez Garcia-Sulma Korina Hernandez Aguilar,31/07/25,4.Plan de pagos," 487,700.00 "," 24,400.00 ", -   , -   , -   , -   , -   , -   , -   , -   , -   , -   , -   , -   , -   , -   , -   , -   , -   , -   , -   , -   , -   , -   , -   , -   , -   ,,," 1,500.00 ",,," 1,431.25 "," 1,431.25 "," 1,431.25 "," 1,431.25 "," 1,431.25 "," 8,656.25 ",35%,"-15,743.75 ",-65%," 479,043.75 ",98.23%," 24,400.00 ",Vendido,Cliente al día, 18 , 1 , 19 ," 1,500.00 "," 1,272.22 ",0, 1 ," 2,772 ", -   ," 1,500 "," 7,156 "," 5,884 ", -   , -   ,,,,,,,,,,,,,
409-B,,,,,409,B,B,Eder Veliz,Kevin Fernando de la Cruz Toc,3/07/25,4.Plan de pagos," 477,700.00 "," 23,900.00 ", -   , -   , -   , -   , -   , -   , -   , -   , -   , -   , -   , -   , -   , -   , -   , -   , -   , -   , -   , -   , -   , -   , -   , -   , -   ,,,," 1,500.00 "," 1,400.00 "," 1,400.00 "," 1,400.00 ", -   ," 1,500.00 "," 1,300.00 "," 8,500.00 ",36%,"-15,400.00 ",-64%," 469,200.00 ",98.22%," 23,900.00 ",Vendido,Cliente al día, 16 , 1 , 17 ," 1,500.00 "," 1,400.00 ",0, 1 ," 2,900 ", -   , -   ," 8,500 "," 5,600 ", -   , -   ,,,,,,,,,,,,,
411-B,,,,,411,B,C,Pablo Marroquin,Astrid Angelica Herrera Gil / Kevin Alejandro López Toc,20/07/25,4.Plan de pagos," 487,000.00 "," 24,400.00 ", -   , -   , -   , -   , -   , -   , -   , -   , -   , -   , -   , -   , -   , -   , -   , -   , -   , -   , -   , -   , -   , -   , -   , -   , -   ,,,," 1,500.00 "," 1,272.22 "," 1,272.22 "," 1,272.22 ", -   ," 1,272.22 ",," 6,588.88 ",27%,"-17,811.12 ",-73%," 480,411.12 ",98.65%," 24,400.00 ",Vendido,Cliente al día, 18 , 1 , 19 ," 1,500.00 "," 1,272.22 ",0, 1 ," 2,772 ", -   , -   ," 6,589 "," 3,817 ", -   , -   ,,,,,,,,,,,,,
501-A,B-408,,,,501,B,A,Efren Sanchez,Ronald Alberto Pineda Monroy,28/06/25,4.Plan de pagos," 477,700.00 "," 23,900.00 ", -   , -   , -   , -   , -   , -   , -   , -   , -   , -   , -   , -   , -   , -   , -   , -   , -   , -   , -   , -   , -   , -   , -   , -   , -   ,,, 500.00 ," 1,462.50 "," 1,462.50 "," 1,462.50 "," 1,462.50 ", -   ," 2,925.00 ",," 9,275.00 ",39%,"-14,625.00 ",-61%," 468,425.00 ",98.06%," 23,900.00 ",Vendido,Cliente al día, 16 , 1 , 17 , 500.00 ," 1,462.50 ",0, 2 ," 3,425 ", 500 , -   ," 8,775 "," 5,850 ", -   , -   ,,,,,,,,,,,,,
501-B,,,,,501,B,B,Pablo Marroquin,Hillary Kerstel Ixmucane Xona Guzmán / Francisca Guzmán López de Xoná,13/07/25,4.Plan de pagos," 487,700.00 "," 24,400.00 ", -   , -   , -   , -   , -   , -   , -   , -   , -   , -   , -   , -   , -   , -   , -   , -   , -   , -   , -   , -   , -   , -   , -   , -   , -   ,,, 500.00 ,," 1,272.22 "," 1,272.22 "," 1,272.22 ", -   ," 1,272.22 "," 1,272.22 "," 6,861.10 ",28%,"-17,538.90 ",-72%," 480,838.90 ",98.59%," 24,400.00 ",Vendido,Cliente al día, 18 , 1 , 19 ," 1,500.00 "," 1,272.22 ",0, 1 ," 2,772 ", 500 , -   ," 6,361 "," 4,089 ", -   , -   ,,,,,,,,,,,,,
508-B,,,,,508,B,B,Eder Veliz,Jorge Mario Santizo Lacayo,12/07/25,4.Plan de pagos," 487,700.00 "," 24,400.00 ", -   , -   , -   , -   , -   , -   , -   , -   , -   , -   , -   , -   , -   , -   , -   , -   , -   , -   , -   , -   , -   , -   , -   , -   , -   ,,," 1,500.00 "," 2,773.00 ",," 1,273.00 ", -   , -   ,,," 5,546.00 ",23%,"-18,854.00 ",-77%," 482,154.00 ",98.86%," 24,400.00 ",Vendido,Cliente al día, 18 , 1 , 19 ," 1,500.00 "," 1,272.22 ",0, 1 ," 2,772 ", -   ," 1,500 "," 4,046 ",,,,,,,,,,,,,,,,
601-B,,,,,601,B,B,Eder Veliz,Mario Andres Perez Lopez,26/07/25,4.Plan de pagos," 487,700.00 "," 24,400.00 ", -   , -   , -   , -   , -   , -   , -   , -   , -   , -   , -   , -   , -   , -   , -   , -   , -   , -   , -   , -   , -   , -   , -   , -   , -   ,,,," 1,500.00 "," 1,272.22 "," 1,272.22 "," 1,272.22 ", -   ," 1,272.22 ",," 6,588.88 ",27%,"-17,811.12 ",-73%," 481,111.12 ",98.65%," 24,400.00 ",Vendido,Cliente al día, 18 , 1 , 19 ," 1,500.00 "," 1,272.22 ",0, 1 ," 2,772 ", -   , -   ," 6,589 "," 3,817 ", -   , -   ,,,,,,,,,,,,,
604-B,,,,,604,B,B,Efren Sánchez,Caterin Fidelina Calderón,5/07/25,4.Plan de pagos," 487,000.00 "," 23,900.00 ",,,,,,,,,,,,,,,,,,,,,,,,,,,,," 1,500.00 ",," 1,200.00 ", -   , -   ,,," 2,700.00 ",11%,"-21,200.00 ",-89%," 484,300.00 ",99.45%," 23,900.00 ",Vendido,Cliente Atrasado, 18 , 1 , 19 ," 1,500.00 "," 1,272.22 ",0, 1 ," 2,772 ", -   , -   ," 2,700 ", -   , 72 , 1 ,,,,,,,,,,,,,
606-B,,,,,606,B,B,Abigail Garcia,Andrea Isabel Tezen Cabrera,30/05/24,4.Plan de pagos," 477,700.00 "," 24,000.00 ", -   , -   , -   , -   , -   , -   , -   , -   , -   , -   , -   , -   , -   , -   ," 1,500.00 ", -   ," 1,184.21 "," 1,184.21 "," 1,184.21 "," 1,184.21 "," 1,184.21 "," 1,184.21 "," 1,184.21 "," 1,184.21 "," 1,184.21 "," 1,184.21 "," 1,184.21 "," 1,184.21 "," 1,184.21 "," 1,184.21 "," 1,184.21 "," 1,184.21 ", -   ,," 1,184.21 "," 21,631.57 ",90%,"-2,368.43 ",-10%," 456,068.43 ",95.47%," 24,000.00 ",Vendido,Cliente al día, 19 , 1 , 20 ," 1,500.00 "," 1,184.21 ",11, 15 ," 19,263 "," 14,211 "," 1,500 "," 5,921 "," 2,368 ", -   , -   ,,,,,,,,,,,,,
613-B,,,,,613,B,B,Abigail Garcia,Erik Estuardo Carrera Cruz,18/02/24,4.Plan de pagos," 477,700.00 "," 24,000.00 ", -   , -   , -   , -   , -   , -   , -   , -   , -   , -   , -   ," 1,000.00 ", -   ," 1,045.45 "," 1,045.45 "," 1,045.45 "," 1,045.45 "," 1,045.45 "," 1,045.45 "," 1,045.45 "," 1,045.45 "," 1,045.45 "," 1,045.45 "," 1,045.45 "," 1,045.45 "," 1,045.45 "," 1,045.45 "," 1,045.45 "," 1,045.45 "," 1,045.45 ", -   ," 1,045.45 ", -   ,,," 19,818.10 ",83%,"-4,181.90 ",-17%," 457,881.90 ",95.85%," 24,000.00 ",Vendido,Cliente al día, 22 , 1 , 23 ," 1,000.00 "," 1,045.45 ",0, 18 ," 19,818 "," 16,682 ", -   ," 3,136 ", -   , -   , -   ,,,,,,,,,,,,,
306-A,,,,,306,TB,A,Eder Veliz,Andrea Noemi Rivas Sanchez,22/06/25,4.Plan de pagos," 477,700.00 "," 23,900.00 ", -   , -   , -   , -   , -   , -   , -   ,,,,,,,,,,,,,,,,,,,,," 1,500.00 "," 8,400.00 ",, -   , -   , -   ,," 14,000.00 "," 23,900.00 ",100%, -   ,0%," 453,800.00 ",95.00%," 23,900.00 ",Vendido,Cliente Atrasado, 1 , -   , 1 ," 5,000.00 "," 43,242.00 ",0, 2 ," 43,242 "," 1,500 ", -   ," 22,400 ", -   ," 19,342 ", 1 ,,,,,,,,,,,,,
313-B,,,,,313,B,B,Pablo Marroquin,Suarlim Eli Barrientos Pazos / Angel Eli Barrientos Castro,30/07/25,4.Plan de pagos," 487,700.00 "," 24,400.00 ", -   , -   , -   , -   , -   , -   , -   , -   , -   , -   , -   , -   , -   , -   , -   , -   , -   , -   , -   , -   , -   , -   , -   , -   , -   ,,,," 1,500.00 "," 1,272.22 "," 1,272.22 "," 1,272.22 ", -   ," 1,272.22 ",," 6,588.88 ",27%,"-17,811.12 ",-73%," 481,111.12 ",98.65%," 24,400.00 ",Vendido,Cliente al día, 18 , 1 , 19 ," 1,500.00 "," 1,272.22 ",0, 1 ," 2,772 ", -   , -   ," 6,589 "," 3,817 ", -   , -   ,,,,,,,,,,,,,
406-B,B-406,,,,,,,Antonio Rada,Marvin Leonel Alexander Larias Guzman,7/08/24,4.Plan de pagos," 477,700.00 "," 23,900.00 ", -   , -   , -   , -   , -   , -   , -   , -   , -   , -   , -   , -   , -   , -   , -   , -   , -   , 500.00 ," 1,462.50 "," 1,462.50 "," 1,462.50 "," 1,462.50 "," 1,462.50 "," 1,462.50 "," 1,462.50 ",," 2,925.00 "," 1,462.50 "," 1,462.50 "," 1,462.50 ", -   ," 1,462.50 ", -   ," 1,462.50 ",," 20,975.00 ",88%,"-2,925.00 ",-12%," 456,725.00 ",95.61%," 23,900.00 ",Vendido,Cliente al día, 16 , 1 , 17 , 500.00 ," 1,462.50 ",0, 12 ," 18,050 "," 12,200 "," 2,925 "," 5,850 "," 2,925 ", -   , -   ,,,,,,,,,,,,,
502-C,,,,,,,,Pablo Marroquin,Christian Isaias Patzan Mancilla / Nancy Johanna Mancilla R,15/09/25,4.Plan de pagos," 497,000.00 "," 24,700.00 ",,,,,,,,,,,,,,,,,,,,,,,,,,,,,,," 1,500.00 ", -   , -   ,, 975.00 ," 2,475.00 ",10%,"-22,225.00 ",-90%," 494,525.00 ",99.50%," 24,700.00 ",Vendido,#NUM!, 16 , 1 , 17 , 500.00 ," 1,462.50 ",0,#NUM!,#NUM!, -   , -   ," 2,475 ",#NUM!,#NUM!,#NUM!,,,,,,,,,,,,,
509-B,,,,,,,,Pablo Marroquin,Diego Jose Ortiz Cordero,1/09/25,4.Plan de pagos," 492,700.00 "," 24,700.00 ",,,,,,,,,,,,,,,,,,,,,,,,,,,,,,," 1,500.00 ", -   , -   ,,," 1,500.00 ",6%,"-23,200.00 ",-94%," 491,200.00 ",99.70%," 24,700.00 ",Vendido,#NUM!, 16 , 1 , 17 , 500.00 ," 1,462.50 ",0,#NUM!,#NUM!, -   , -   ," 1,500 ",#NUM!,#NUM!,#NUM!,,,,,,,,,,,,,
112-B,,,,,112,B,B,Efren Sanchez,Cindy Gabriela Mejicanos De León,1/09/25,4.Plan de pagos," 492,700.00 "," 24,700.00 ",,,,,,,,,,,,,,,,,,,,,,,,,,,,,,," 1,500.00 "," 2,729.42 ", -   ," 1,364.71 "," 1,364.71 "," 6,958.84 ",28%,"-17,741.16 ",-72%," 485,741.16 ",98.59%," 24,700.00 ",Vendido,#NUM!, 16 , 1 , 17 , 500.00 ," 1,462.50 ",0,#NUM!,#NUM!, -   , -   ," 6,959 ",#NUM!,#NUM!,#NUM!,,,,,,,,,,,,,
512-B,,,,,512,B,B,Eder Veliz,Byron Méndez Cal,7/09/25,4.Plan de pagos," 492,700.00 "," 24,700.00 ",,,,,,,,,,,,,,,,,,,,,,,,,,,,,,," 1,500.00 "," 1,450.00 "," 1,450.00 "," 1,450.00 "," 1,450.00 "," 7,300.00 ",30%,"-17,400.00 ",-70%," 485,400.00 ",98.52%," 24,700.00 ",Vendido,#NUM!, 16 , 1 , 17 , 500.00 ," 1,462.50 ",0,#NUM!,#NUM!, -   , -   ," 7,300 ",#NUM!,#NUM!,#NUM!,,,,,,,,,,,,,
513-B,,,,,,,,Pablo Marroquin,Karen Ivonne Poggio,7/09/25,4.Plan de pagos," 492,700.00 "," 24,700.00 ",,,,,,,,,,,,,,,,,,,,,,,,,,,,,,," 1,500.00 "," 1,450.00 ", -   ," 1,450.00 ",," 4,400.00 ",18%,"-20,300.00 ",-82%," 488,300.00 ",99.11%," 24,700.00 ",Vendido,#NUM!, 16 , 1 , 17 , 500.00 ," 1,462.50 ",0,#NUM!,#NUM!, -   , -   ," 4,400 ",#NUM!,#NUM!,#NUM!,,,,,,,,,,,,,
201-C,,,,,,,,Eder Veliz,Angie Soleyne Camacho Suarez,12/09/25,4.Plan de pagos," 492,700.00 "," 24,700.00 ",,,,,,,,,,,,,,,,,,,,,,,,,,,,,,," 1,500.00 ", -   , -   ," 2,910.00 ", 967.00 ," 5,377.00 ",22%,"-19,323.00 ",-78%," 487,323.00 ",98.91%," 24,700.00 ",Vendido,#NUM!, 16 , 1 , 17 , 500.00 ," 1,462.50 ",0,#NUM!,#NUM!, -   , -   ," 5,377 ",#NUM!,#NUM!,#NUM!,,,,,,,,,,,,,
302-C,,,,,,,,Pablo Marroquin,Edgar Mariano Pineda Osorio,13/09/25,4.Plan de pagos," 492,000.00 "," 24,600.00 ",,,,,,,,,,,,,,,,,,,,,,,,,,,,,,," 1,500.00 ", -   , -   ,,," 1,500.00 ",6%,"-23,100.00 ",-94%," 490,500.00 ",99.70%," 24,600.00 ",Vendido,#NUM!, 16 , 1 , 17 , 500.00 ," 1,462.50 ",0,#NUM!,#NUM!, -   , -   ," 1,500 ",#NUM!,#NUM!,#NUM!,,,,,,,,,,,,,
401-C,,,,,,,,Eder Veliz,Hellen del Rosario López Chon,23/09/25,4.Plan de pagos," 492,700.00 "," 24,700.00 ",,,,,,,,,,,,,,,,,,,,,,,,,,,,,,," 1,500.00 ", -   , -   ,,," 1,500.00 ",6%,"-23,200.00 ",-94%," 491,200.00 ",99.70%," 24,700.00 ",Vendido,#NUM!, 16 , 1 , 17 , 500.00 ," 1,462.50 ",0,#NUM!,#NUM!, -   , -   ," 1,500 ",#NUM!,#NUM!,#NUM!,,,,,,,,,,,,,
111-B,,,,,,,,Pablo Marroquin,Wendy Judith Cortez Cuque,23/09/25,4.Plan de pagos," 487,000.00 "," 24,000.00 ",,,,,,,,,,,,,,,,,,,,,,,,,,,,,,," 1,500.00 "," 1,463.00 ", -   ," 4,389.00 ",," 7,352.00 ",31%,"-16,648.00 ",-69%," 479,648.00 ",98.49%," 24,000.00 ",Vendido,#NUM!, 16 , 1 , 17 , 500.00 ," 1,462.50 ",0,#NUM!,#NUM!, -   , -   ," 7,352 ",#NUM!,#NUM!,#NUM!,,,,,,,,,,,,,
601-C,,,,,601,C,B,Efren Sanchez,EDNA GIZZEL GUZMAN PEREZ / JOSUE HABRAAM QUIM GUITZ,24/09/25,4.Plan de pagos," 492,700.00 "," 24,700.00 ",,,,,,,,,,,,,,,,,,,,,,,,,,,,,,," 1,500.00 ", 967.00 , -   , 967.00 , 967.00 ," 4,401.00 ",18%,"-20,299.00 ",-82%," 488,299.00 ",99.11%," 24,700.00 ",Vendido,#NUM!, 16 , 1 , 17 , 500.00 ," 1,462.50 ",0,#NUM!,#NUM!, -   , -   ," 4,401 ",#NUM!,#NUM!,#NUM!,,,,,,,,,,,,,
301-C,,,,,301,C,B,Eder Veliz,Rony Francisco Rojas Lopez,11/01/26,4.Plan de pagos," 492,700.00 "," 24,700.00 ",,,,,,,,,,,,,,,,,,,,,,,,,,,,,,, -   , -   , -   ,," 1,405.06 "," 1,405.06 ",6%,"-23,294.94 ",-94%," 491,294.94 ",99.71%," 24,700.00 ",Vendido,#NUM!, 16 , 1 , 17 , 500.00 ," 1,462.50 ",0,#NUM!,#NUM!, -   , -   ," 1,405 ",#NUM!,#NUM!,#NUM!,,,,,,,,,,,,,
103-C,,,,,103,C,C,Eder Veliz,Jazmin Edith Urbina Lopez,14/09/25,4.Plan de pagos," 492,000.00 "," 24,600.00 ",,,,,,,,,,,,,,,,,,,,,,,,,,,,,,," 1,500.00 ", 963.00 , 963.00 ,, 963.00 ," 4,389.00 ",18%,"-20,211.00 ",-82%," 487,611.00 ",99.11%," 24,600.00 ",Vendido,#NUM!, 16 , 1 , 17 , 500.00 ," 1,462.50 ",0,#NUM!,#NUM!, -   , -   ," 4,389 ",#NUM!,#NUM!,#NUM!,,,,,,,,,,,,,
504-C,,,,,,,,Efren Sanchez,Luis Humberto Recinos Hernández,21/09/25,4.Plan de pagos," 492,700.00 "," 24,700.00 ",,,,,,,,,,,,,,,,,,,,,,,,,,,,,,," 1,500.00 ",, -   ,,," 1,500.00 ",6%,"-23,200.00 ",-94%," 491,200.00 ",99.70%," 24,700.00 ",Vendido,#NUM!, 16 , 1 , 17 , 500.00 ," 1,462.50 ",0,#NUM!,#NUM!, -   , -   ," 1,500 ",#NUM!,#NUM!,#NUM!,,,,,,,,,,,,,
101-C,,,,,101,C,B,Pablo Marroquin,Allan Danilo Tejada Alay,5/10/25,2.Reservado," 497,700.00 "," 24,900.00 ",,,,,,,,,,,,,,,,,,,,,,,,,,,,,,, -   ," 1,500.00 ", -   ," 1,018.00 ",," 2,518.00 ",10%,"-22,382.00 ",-90%," 495,182.00 ",99.49%," 24,900.00 ",Vendido,#NUM!, 16 , 1 , 17 , 500.00 ," 1,462.50 ",0,#NUM!,#NUM!, -   , -   ," 2,518 ",#NUM!,#NUM!,#NUM!,,,,,,,,,,,,,
409-C,,,,,,,,Eder Veliz,Reina Marivel Muñoz Samayoa,19/10/25,2.Reservado," 492,000.00 "," 24,600.00 ",,,,,,,,,,,,,,,,,,,,,,,,,,,,,,, -   ," 1,000.00 ", -   ,,," 1,000.00 ",4%,"-23,600.00 ",-96%," 491,000.00 ",99.80%," 24,600.00 ",Vendido,#NUM!, 16 , 1 , 17 , 500.00 ," 1,462.50 ",0,#NUM!,#NUM!, -   , -   ," 1,000 ",#NUM!,#NUM!,#NUM!,,,,,,,,,,,,,
501-C,,,,,,,,Eder Veliz,Gerson Ranferi Porras Galindo,12/10/25,2.Reservado," 492,700.00 "," 24,700.00 ",,,,,,,,,,,,,,,,,,,,,,,,,,,,,,,, 300.00 ," 1,200.00 ",,," 1,500.00 ",6%,"-23,200.00 ",-94%," 491,200.00 ",99.70%," 24,700.00 ",Vendido,#NUM!, 16 , 1 , 17 , 500.00 ," 1,462.50 ",0,#NUM!,#NUM!, -   , -   ," 1,500 ",#NUM!,#NUM!,#NUM!,,,,,,,,,,,,,
510-C,,,,,,,,Eder Veliz,Erik Francisco Estrada Catalán,19/10/25,2.Reservado," 492,700.00 "," 24,700.00 ",,,,,,,,,,,,,,,,,,,,,,,,,,,,,,,," 1,500.00 ", -   , 967.00 ,," 2,467.00 ",10%,"-22,233.00 ",-90%," 490,233.00 ",99.50%," 24,700.00 ",Vendido,#NUM!, 16 , 1 , 17 , 500.00 ," 1,462.50 ",0,#NUM!,#NUM!, -   , -   ," 2,467 ",#NUM!,#NUM!,#NUM!,,,,,,,,,,,,,
602-C,,,,,602,C,C,Pablo Marroquin,Ailyn Mishell Pereira Méndez / Gilberto Gabriel Marroquin Morales,20/09/25,4.Plan de pagos," 492,000.00 "," 24,600.00 ",,,,,,,,,,,,,,,,,,,,,,,,,,,,,,," 2,000.00 ", 963.00 , -   , 963.00 , 963.00 ," 4,889.00 ",20%,"-19,711.00 ",-80%," 487,111.00 ",99.01%," 24,600.00 ",Vendido,#NUM!, 16 , 1 , 17 , 500.00 ," 1,462.50 ",0,#NUM!,#NUM!, -   , -   ," 4,889 ",#NUM!,#NUM!,#NUM!,,,,,,,,,,,,,
603-C,,,,,,,,Efren Sanchez,JOSUE HABRAAM QUIM GUITZ,15/10/25,2.Reservado," 497,000.00 "," 24,900.00 ",,,,,,,,,,,,,,,,,,,,,,,,,,,,,,,," 1,500.00 ", -   ," 1,018.00 ",," 2,518.00 ",10%,"-22,382.00 ",-90%," 494,482.00 ",99.49%," 24,900.00 ",Vendido,#NUM!, 16 , 1 , 17 , 500.00 ," 1,462.50 ",0,#NUM!,#NUM!, -   , -   ," 2,518 ",#NUM!,#NUM!,#NUM!,,,,,,,,,,,,,
610-C,,,,,610,C,,,Julio Humberto Soto Higueros,26/10/25,2.Reservado," 497,000.00 "," 24,900.00 ",,,,,,,,,,,,,,,,,,,,,,,,,,,,,,,," 1,500.00 ", -   ," 1,018.00 ",," 2,518.00 ",10%,"-22,382.00 ",-90%," 494,482.00 ",99.49%," 24,900.00 ",Vendido,#NUM!, 16 , 1 , 17 , 500.00 ," 1,462.50 ",0,#NUM!,#NUM!, -   , -   ," 2,518 ",#NUM!,#NUM!,#NUM!,,,,,,,,,,,,,
503-C,,,,,503,C,C,,Abner Manolo Barrios Herrera,26/10/25,2.Reservado," 497,000.00 "," 24,900.00 ",,,,,,,,,,,,,,,,,,,,,,,,,,,,,,,," 1,500.00 ", -   ," 1,018.00 ",," 2,518.00 ",10%,"-22,382.00 ",-90%," 494,482.00 ",99.49%," 24,900.00 ",Vendido,#NUM!, 16 , 1 , 17 , 500.00 ," 1,462.50 ",0,#NUM!,#NUM!, -   , -   ," 2,518 ",#NUM!,#NUM!,#NUM!,,,,,,,,,,,,,
509-C,,,,,,,,Pablo Marroquin,Otylio Alexander Garcia Orantes,18/10/25,2.Reservado," 497,000.00 "," 24,900.00 ",,,,,,,,,,,,,,,,,,,,,,,,,,,,,,,," 1,500.00 ", -   ," 1,018.00 ",," 2,518.00 ",10%,"-22,382.00 ",-90%," 494,482.00 ",99.49%," 24,900.00 ",Vendido,#NUM!, 16 , 1 , 17 , 500.00 ," 1,462.50 ",0,#NUM!,#NUM!, -   , -   ," 2,518 ",#NUM!,#NUM!,#NUM!,,,,,,,,,,,,,
608-C,,,,,608,C,C,Pablo Marroquin,Yully Aydaly Soto Higueros,26/10/25,2.Reservado," 497,000.00 "," 24,900.00 ",,,,,,,,,,,,,,,,,,,,,,,,,,,,,,,," 1,500.00 ", -   ," 1,018.00 "," 1,018.00 "," 3,536.00 ",14%,"-21,364.00 ",-86%," 493,464.00 ",99.29%," 24,900.00 ",Vendido,#NUM!, 16 , 1 , 17 , 500.00 ," 1,462.50 ",0,#NUM!,#NUM!, -   , -   ," 3,536 ",#NUM!,#NUM!,#NUM!,,,,,,,,,,,,,
609-C,,,,,,,,,Natalie Elizabeth Pacheco Menendez,30/10/25,2.Reservado," 492,700.00 "," 24,600.00 ",,,,,,,,,,,,,,,,,,,,,,,,,,,,,,,, 300.00 , -   ,,, 300.00 ,1%,"-24,300.00 ",-99%," 492,400.00 ",99.94%," 24,600.00 ",Vendido,#NUM!, 16 , 1 , 17 , 500.00 ," 1,462.50 ",0,#NUM!,#NUM!, -   , -   , 300 ,#NUM!,#NUM!,#NUM!,,,,,,,,,,,,,
506-B,,,,,506,B,B,,Hugo Alexander Méndez Caal,11/09/25,2.Reservado," 492,700.00 "," 24,700.00 ",,,,,,,,,,,,,,,,,,,,,,,,,,,,,,,," 1,450.00 ", -   ," 1,450.00 "," 1,450.00 "," 4,350.00 ",18%,"-20,350.00 ",-82%," 488,350.00 ",99.12%," 24,700.00 ",Vendido,#NUM!, 16 , 1 , 17 , 500.00 ," 1,462.50 ",0,#NUM!,#NUM!, -   , -   ," 4,350 ",#NUM!,#NUM!,#NUM!,,,,,,,,,,,,,
404-C,,,,,404,C,,,SANDRA LIZETH SUNUC VELÁSQUEZ,28/10/25,2.Reservado," 492,700.00 "," 24,700.00 ",,,,,,,,,,,,,,,,,,,,,,,,,,,,,,,," 1,500.00 ", -   ," 1,009.00 ",," 2,509.00 ",10%,"-22,191.00 ",-90%," 490,191.00 ",99.49%," 24,700.00 ",Vendido,#NUM!, 16 , 1 , 17 , 500.00 ," 1,462.50 ",0,#NUM!,#NUM!, -   , -   ," 2,509 ",#NUM!,#NUM!,#NUM!,,,,,,,,,,,,,
508-C,,,,,508,C,C,,Carlos Daniel Morales Palma,21/10/25,2.Reservado," 492,000.00 "," 24,600.00 ",,,,,,,,,,,,,,,,,,,,,,,,,,,,,,,," 1,500.00 ",," 1,004.35 "," 1,004.35 ",,,,,,,,,,,,,,,,,,,,,,,,,,,,,,,,,,,,
104-C,,,,,,,,,Oscar Josue Robledo Sagastume ,26/10/25,2.Reservado," 492,700.00 "," 24,700.00 ",,,,,,,,,,,,,,,,,,,,,,,,,,,,,,,," 1,500.00 ",,,,,,,,,,,,,,,,,,,,,,,,,,,,,,,,,,,,,,,
310-C,,,,,310,C,B,Efren Sanchez,Steven Adolfo Paredes Cabrera/Milca Sarai Barrieos Ixcoy,20/10/25,2.Reservado," 492,700.00 "," 24,700.00 ",,,,,,,,,,,,,,,,,,,,,,,,,,,,,,,,,," 1,500.00 "," 1,600.00 "," 3,100.00 ",,,,,,,,,,,,,,,,,,,,,,,,,,,,,,,,,,,
108-TC-MC,,,,,108,C,C,Efren Sanchez,JULIO JOSÉ GUZMAN TOBÍAS / NO TIENE NOMBRE LA COTIZACION,7/11/25,2.Reservado," 492,000.00 "," 24,600.00 ",,,,,,,,,,,,,,,,,,,,,,,,,,,,,,,, -   ," 1,500.00 "," 1,005.00 "," 1,005.00 "," 3,510.00 ",14%,"-21,090.00 ",-86%," 488,490.00 ",99.29%," 24,600.00 ",Vendido,#NUM!, 16 , 1 , 17 ,," 1,462.50 ",0,#NUM!,#NUM!, -   , -   ," 3,510 ",#NUM!,#NUM!,#NUM!,,,,,,,,,,,,,
202-C,,,,,,,,,CINDY ABIGAIL ORDOÑEZ CHACON,9/11/25,2.Reservado," 497,000.00 "," 24,900.00 ",,,,,,,,,,,,,,,,,,,,,,,,,,,,,,,, -   , 750.00 ," 1,064.00 "," 1,064.00 "," 2,878.00 ",12%,"-22,022.00 ",-88%," 494,122.00 ",99.42%," 24,900.00 ",Vendido,#NUM!, 16 , 1 , 17 ,," 1,462.50 ",0,#NUM!,#NUM!, -   , -   ," 2,878 ",#NUM!,#NUM!,#NUM!,,,,,,,,,,,,,
209-C,,,,,,,,,GERBER JONATHAN ORTIZ AJAU,26/10/25,3. Vendido Sin Res.," 497,000.00 "," 24,900.00 ",,,,,,,,,,,,,,,,,,,,,,,,,,,,,,,, -   , -   ,,, -   ,0%,"-24,900.00 ",-100%," 497,000.00 ",100.00%," 24,900.00 ",Vendido,#NUM!, 16 , 1 , 17 ,," 1,462.50 ",0,#NUM!,#NUM!, -   , -   , -   ,#NUM!,#NUM!,#NUM!,,,,,,,,,,,,,
303-C,,,,,303,C,C,,DIEGO GABRIEL MOLINA ROMERO,26/10/25,2.Reservado," 497,000.00 "," 24,900.00 ",,,,,,,,,,,,,,,,,,,,,,,,,,,,,,,, -   , -   ," 1,063.64 "," 1,063.64 "," 2,127.28 ",9%,"-22,772.72 ",-91%," 494,872.72 ",99.57%," 24,900.00 ",Vendido,#NUM!, 16 , 1 , 17 ,," 1,462.50 ",0,#NUM!,#NUM!, -   , -   ," 2,127 ",#NUM!,#NUM!,#NUM!,,,,,,,,,,,,,
304-TC-MB,,,,,304,C,B,Efren Sanchez,Alex Ricardo Pérez Rodenas,8/11/25,2.Reservado," 492,700.00 "," 24,700.00 ",,,,,,,,,,,,,,,,,,,,,,,,,,,,,,,, -   ," 1,500.00 "," 1,009.00 ",," 2,509.00 ",10%,"-22,191.00 ",-90%," 490,191.00 ",99.49%," 24,700.00 ",Vendido,#NUM!, 16 , 1 , 17 ,," 1,462.50 ",0,#NUM!,#NUM!, -   , -   ," 2,509 ",#NUM!,#NUM!,#NUM!,,,,,,,,,,,,,
403-TC-MC,,,,,403,C,C,Efren Sanchez,ELSA MIREYA QUINTEROS GARCIA/OSWALDO ROBERT KARL HERNANDEZ,10/11/25,2.Reservado," 492,000.00 "," 24,600.00 ",,,,,,,,,,,,,,,,,,,,,,,,,,,,,,,, -   ," 1,500.00 "," 1,000.00 ",," 2,500.00 ",10%,"-22,100.00 ",-90%," 489,500.00 ",99.49%," 24,600.00 ",Vendido,#NUM!, 16 , 1 , 17 ,," 1,462.50 ",0,#NUM!,#NUM!, -   , -   ," 2,500 ",#NUM!,#NUM!,#NUM!,,,,,,,,,,,,,
407-TC-MB,,,,,407,C,B,Rony Ramirez,RONAL YOVANNI DONIS MARTINEZ,26/10/25,3. Vendido Sin Res.," 497,700.00 "," 24,900.00 ",,,,,,,,,,,,,,,,,,,,,,,,,,,,,,,, -   ," 1,500.00 "," 1,063.64 "," 1,063.64 "," 3,627.28 ",15%,"-21,272.72 ",-85%," 494,072.72 ",99.27%," 24,900.00 ",Vendido,#NUM!, 16 , 1 , 17 ,," 1,462.50 ",0,#NUM!,#NUM!, -   , -   ," 3,627 ",#NUM!,#NUM!,#NUM!,,,,,,,,,,,,,
408-TC-MC,,,,,408,C,C,Daniel Veliz,YOHANA ELIZABETH ARRIVILLAGA FAJARDO,2/11/25,2.Reservado," 492,000.00 "," 24,600.00 ",,,,,,,,,,,,,,,,,,,,,,,,,,,,,,,, -   , 400.00 ," 1,010.00 "," 1,100.00 "," 2,510.00 ",10%,"-22,090.00 ",-90%," 489,490.00 ",99.49%," 24,600.00 ",Vendido,#NUM!, 16 , 1 , 17 ,," 1,462.50 ",0,#NUM!,#NUM!, -   , -   ," 2,510 ",#NUM!,#NUM!,#NUM!,,,,,,,,,,,,,
607-C,,,,,,,,,MANUEL EDGARDO VENTURA SAGASTUME,26/10/25,3. Vendido Sin Res.," 492,700.00 "," 24,700.00 ",,,,,,,,,,,,,,,,,,,,,,,,,,,,,,,, -   , -   ,,, -   ,0%,"-24,700.00 ",-100%," 492,700.00 ",100.00%," 24,700.00 ",Vendido,#NUM!, 16 , 1 , 17 ,," 1,462.50 ",0,#NUM!,#NUM!, -   , -   , -   ,#NUM!,#NUM!,#NUM!,,,,,,,,,,,,,
507-TC-MB,,,,,507,C,B,Rony Ramirez,JUAN DANIEL QUIÑONEZ MARQUEZ,1/11/25,3. Vendido Sin Res.," 487,700.00 "," 24,400.00 ",,,,,,,,,,,,,,,,,,,,,,,,,,,,,,,, -   ," 1,500.00 "," 1,040.23 ",," 2,540.23 ",10%,"-21,859.77 ",-90%," 485,159.77 ",99.48%," 24,400.00 ",Vendido,#NUM!, 16 , 1 , 17 ,," 1,462.50 ",0,#NUM!,#NUM!, -   , -   ," 2,540 ",#NUM!,#NUM!,#NUM!,,,,,,,,,,,,,
607-A,,,,,402,B,B,Rony Ramirez,Rigoberto Gabriel Lopez,17/11/25,2.Reservado," 492,700.00 ", *** ,,,,,,,,,,,,,,,,,,,,,,,,,,,,,,,, -   , 500.00 , 500.00 , 500.00 ," 1,500.00 ",0%,#VALUE!,#VALUE!," 491,200.00 ",99.70%,#VALUE!,Vendido,#NUM!, 16 , 1 , 17 ,," 1,462.50 ",0,#NUM!,#NUM!, -   , -   ," 1,500 ",#NUM!,#NUM!,#NUM!,,,,,,,,,,,,,
208-C,,,,,208,C,,Efren Sanchez,Junior Abraham Boror Ramos/Jéssica Marlene Ramos Ajanel,29/11/25,2.Reservado," 492,000.00 "," 24,600.00 ",,,,,,,,,,,,,,,,,,,,,,,,,,,,,,,,, 200.00 ," 1,061.00 ",," 1,261.00 ",,,,,,,,,,,,,,,,,,,,,,,,,,,,,,,,,,,
107-C,,,,,107,C,,Daniel Veliz,Amelita Natali Aguilar Lopez,27/11/25,2.Reservado," 492,700.00 "," 24,700.00 ",,,,,,,,,,,,,,,,,,,,,,,,,,,,,,,,," 1,500.00 "," 1,009.00 ",," 2,509.00 ",,,,,,,,,,,,,,,,,,,,,,,,,,,,,,,,,,,
,,,,,310,B,C,Pablo Marroquín,Debora Marie Castillo Ventura,17/01/26,2.Reservado," 497,000.00 "," 24,900.00 ",,,,,,,,,,,,,,,,,,,,,,,,,,,,,,,,, -   ,," 1,500.00 "," 1,500.00 ",,,,,,,,,,,,,,,,,,,,,,,,,,,,,,,,,,,
209-TA MB,,,,,209,A,,Daniel Veliz,Byron Amilcar Argueta Orrego & Sheila Roxana Ajcuc Hernandez,22/11/25,2.Reservado," 492,700.00 "," 24,700.00 ",,,,,,,,,,,,,,,,,,,,,,,,,,,,,,,,," 1,500.00 ",," 2,320.00 "," 3,820.00 ",,,,,,,,,,,,,,,,,,,,,,,,,,,,,,,,,,,
603-TB-MC,,,,,603,B,C,Efren Sanchez,Heidy Adriana Morales Regalado,21/41/2025,2.Reservado," 492,000.00 "," 24,600.00 ",,,,,,,,,,,,,,,,,,,,,,,,,,,,,,,,," 1,500.00 ",,," 1,500.00 ",,,,,,,,,,,,,,,,,,,,,,,,,,,,,,,,,,,
608-TA-MC,,,,,608,A,C,Pablo Marroquín,José Armando Retana Interiano,20/11/25,2.Reservado," 497,000.00 "," 24,900.00 ",,,,,,,,,,,,,,,,,,,,,,,,,,,,,,,,," 1,500.00 "," 2,340.00 ",," 3,840.00 ",,,,,,,,,,,,,,,,,,,,,,,,,,,,,,,,,,,
309-TC-MC,,,,,309,C,C,Daniel Veliz,Julio Cesar Jeronimo Cajero,16/11/25,2.Reservado," 492,000.00 "," 24,600.00 ",,,,,,,,,,,,,,,,,,,,,,,,,,,,,,,,," 1,500.00 ",,," 1,500.00 ",,,,,,,,,,,,,,,,,,,,,,,,,,,,,,,,,,,
201-TA-MB,,,,,201,A,B,Pablo Marroquín,Silvia Dinora Pérez Ruano,16/11/25,2.Reservado," 497,700.00 "," 24,900.00 ",,,,,,,,,,,,,,,,,,,,,,,,,,,,,,,,," 1,500.00 "," 2,340.00 "," 2,340.00 "," 6,180.00 ",,,,,,,,,,,,,,,,,,,,,,,,,,,,,,,,,,,
302-TC MC,,,,,302,C,C,Pablo Marroquín,Rosa Alejandra Rodriguez Montufar,16/11/25,2.Reservado," 497,000.00 "," 24,900.00 ",,,,,,,,,,,,,,,,,,,,,,,,,,,,,,,,," 1,500.00 "," 1,064.00 "," 1,064.00 "," 3,628.00 ",,,,,,,,,,,,,,,,,,,,,,,,,,,,,,,,,,,
509-TA-MB,,,,,509,A,B,Daniel Veliz,Cintia Noemy Diaz DIaz,16/11/25,2.Reservado," 492,700.00 "," 24,700.00 ",,,,,,,,,,,,,,,,,,,,,,,,,,,,,,,,," 1,500.00 "," 2,320.00 "," 1,867.00 "," 5,687.00 ",,,,,,,,,,,,,,,,,,,,,,,,,,,,,,,,,,,
102-TC-MC,,,,,102,C,C,Efren Sanchez,Katherine Andrea Enriquez Estrada/Luis Carlos Rodriguez Arias,15/11/25,2.Reservado," 492,000.00 "," 24,600.00 ",,,,,,,,,,,,,,,,,,,,,,,,,,,,,,,,, 500.00 ," 1,000.00 "," 1,000.00 "," 2,500.00 ",,,,,,,,,,,,,,,,,,,,,,,,,,,,,,,,,,,
,,,,,308,C,C,Rony Ramirez,Brandon Azael Espinoza Carillas,18/01/26,2.Reservado," 492,000.00 "," 24,600.00 ",,,,,,,,,,,,,,,,,,,,,,,,,,,,,,,,,,," 1,500.00 "," 1,500.00 ",,"-23,100.00 ",-94%," 490,500.00 ",99.70%," 24,600.00 ",Vendido,Cliente al día,,,,,,,,,,,,,,,,,,,,,,,,,,,
307-TC-MB,,,,,307,C,B,Efren Sanchez,Wendy Guadalupe Bran Cedillo,14/11/25,2.Reservado," 492,700.00 "," 24,700.00 ",,,,,,,,,,,,,,,,,,,,,,,,,,,,,,,,," 1,500.00 "," 1,000.09 ",," 2,500.09 ",,,,,,,,,,,,,,,,,,,,,,,,,,,,,,,,,,,
,,,,,402,C,C,Eder Veliz,Miguel Estuardo Arevalo Toc,21/09/25,4.Plan de pagos," 492,000.00 ",,,,,,,,,,,,,,,,,,,,,,,,,,,,,,,," 1,500.00 ",,," 2,889.00 ", 963.00 ," 5,352.00 ",," 5,352.00 ",#DIV/0!," 486,648.00 ",98.91%, -   ,Vendido,Superávit de Enganche,,,,,,,,,,,,,,,,,,,,,,,,,,,
,,,,,405,B,B,Efren Sanchez,Victoria Nohemí García Macal,15/12/25,2.Reservado," 492,000.00 "," 24,600.00 ",,,,,,,,,,,,,,,,,,,,,,,,,,,,,,,, -   , -   ," 1,500.00 ",," 1,500.00 ",6%,"-23,100.00 ",-94%," 490,500.00 ",99.70%," 24,600.00 ",Vendido,#NUM!, 16 , 1 , 17 ,," 1,462.50 ",0,#NUM!,#NUM!, -   , -   ," 1,500 ",#NUM!,#NUM!,#NUM!,,,,,,,,,,,,,
,,,,,306,B,B,Efren Sanchez,Oscar Ernesto Morales Calel,16/12/25,2.Reservado," 492,000.00 "," 24,600.00 ",,,,,,,,,,,,,,,,,,,,,,,,,,,,,,,, -   , -   ," 1,500.00 ",," 1,500.00 ",6%,"-23,100.00 ",-94%," 490,500.00 ",99.70%," 24,600.00 ",Vendido,#NUM!, 16 , 1 , 17 ,," 1,462.50 ",0,#NUM!,#NUM!, -   , -   ," 1,500 ",#NUM!,#NUM!,#NUM!,,,,,,,,,,,,,
,,,,,303,B,C,Daniel Veliz,Del Carmen Jaqueline Samantha Canel Cumatz,8/12/25,2.Reservado," 492,000.00 "," 24,600.00 ",,,,,,,,,,,,,,,,,,,,,,,,,,,,,,,, -   , -   ," 1,500.00 "," 1,389.00 "," 2,889.00 ",12%,"-21,711.00 ",-88%," 489,111.00 ",99.41%," 24,600.00 ",Vendido,#NUM!, 16 , 1 , 17 ,," 1,462.50 ",0,#NUM!,#NUM!, -   , -   ," 2,889 ",#NUM!,#NUM!,#NUM!,,,,,,,,,,,,,
,,,,,103,B,C,Pablo Marroquin,Lynsy Asaneth Alarcon Reyes de Cordon,17/12/25,2.Reservado," 492,000.00 "," 24,600.00 ",,,,,,,,,,,,,,,,,,,,,,,,,,,,,,,, -   , -   ," 1,500.00 "," 1,500.00 "," 3,000.00 ",12%,"-21,600.00 ",-88%," 489,000.00 ",99.39%," 24,600.00 ",Vendido,#NUM!, 16 , 1 , 17 ,," 1,462.50 ",0,#NUM!,#NUM!, -   , -   ," 3,000 ",#NUM!,#NUM!,#NUM!,,,,,,,,,,,,,
,,,,,105,B,B,Pablo Marroquín,Perla Rocio Domingo Barrios,22/12/25,2.Reservado," 492,000.00 "," 24,600.00 ",,,,,,,,,,,,,,,,,,,,,,,,,,,,,,,, -   , -   ," 1,501.00 ",," 1,501.00 ",6%,"-23,099.00 ",-94%," 490,499.00 ",99.69%," 24,600.00 ",Vendido,#NUM!, 16 , 1 , 17 ,," 1,462.50 ",0,#NUM!,#NUM!, -   , -   ," 1,501 ",#NUM!,#NUM!,#NUM!,,,,,,,,,,,,,
,,,,,106,B,B,Pablo Marroquín,Telma Estela Barrios Vicente,22/12/25,2.Reservado," 492,000.00 "," 24,600.00 ",,,,,,,,,,,,,,,,,,,,,,,,,,,,,,,, -   , -   ," 1,500.00 ",," 1,500.00 ",6%,"-23,100.00 ",-94%," 490,500.00 ",99.70%," 24,600.00 ",Vendido,#NUM!, 16 , 1 , 17 ,," 1,462.50 ",0,#NUM!,#NUM!, -   , -   ," 1,500 ",#NUM!,#NUM!,#NUM!,,,,,,,,,,,,,
,,,,,602,B,B,Efren Sanchez,Mario René Ruiz Poncio,16/12/25,2.Reservado," 492,000.00 "," 24,600.00 ",,,,,,,,,,,,,,,,,,,,,,,,,,,,,,,, -   , -   ," 1,500.00 ",," 1,500.00 ",6%,"-23,100.00 ",-94%," 490,500.00 ",99.70%," 24,600.00 ",Vendido,#NUM!, 16 , 1 , 17 ,," 1,462.50 ",0,#NUM!,#NUM!, -   , -   ," 1,500 ",#NUM!,#NUM!,#NUM!,,,,,,,,,,,,,
,,,,,109,C,C,Efren Sanchez,Ericka Alejandra Sagastume Girón de Herrera,31/12/25,2.Reservado," 492,000.00 "," 24,600.00 ",,,,,,,,,,,,,,,,,,,,,,,,,,,,,,,, -   , -   ," 1,500.00 ",," 1,500.00 ",6%,"-23,100.00 ",-94%," 490,500.00 ",99.70%," 24,600.00 ",Vendido,#NUM!, 16 , 1 , 17 ,," 1,462.50 ",0,#NUM!,#NUM!, -   , -   ," 1,500 ",#NUM!,#NUM!,#NUM!,,,,,,,,,,,,,
,,,,,406,C,A,Efren Sanchez,Marvin de Jesus Sosa Ramirez / Kimberly Beatriz Sipaque Orantes,3/01/26,2.Reservado," 492,000.00 "," 24,600.00 ",,,,,,,,,,,,,,,,,,,,,,,,,,,,,,,, -   , -   ,," 1,500.00 "," 1,500.00 ",6%,"-23,100.00 ",-94%," 490,500.00 ",99.70%," 24,600.00 ",Vendido,#NUM!, 16 , 1 , 17 ,," 1,462.50 ",0,#NUM!,#NUM!, -   , -   ," 1,500 ",#NUM!,#NUM!,#NUM!,,,,,,,,,,,,,
,,,,,410,B,C,Efren Sanchez,Luis Fernando Díaz Mijangos/Carolin Magali Rodríguez Zacarias,5/01/26,2.Reservado," 492,000.00 "," 24,600.00 ",,,,,,,,,,,,,,,,,,,,,,,,,,,,,,,, -   , -   ,," 1,500.00 "," 1,500.00 ",6%,"-23,100.00 ",-94%," 490,500.00 ",99.70%," 24,600.00 ",Vendido,#NUM!, 16 , 1 , 17 ,," 1,462.50 ",0,#NUM!,#NUM!, -   , -   ," 1,500 ",#NUM!,#NUM!,#NUM!,,,,,,,,,,,,,
,,,,,210,B,C,Rony Ramirez,Jackelin Naomy Alvarado Pelico,11/01/26,2.Reservado," 492,000.00 "," 24,600.00 ",,,,,,,,,,,,,,,,,,,,,,,,,,,,,,,, -   , -   ,," 1,500.00 "," 1,500.00 ",6%,"-23,100.00 ",-94%," 490,500.00 ",99.70%," 24,600.00 ",Vendido,#NUM!, 16 , 1 , 17 ,," 1,462.50 ",0,#NUM!,#NUM!, -   , -   ," 1,500 ",#NUM!,#NUM!,#NUM!,,,,,,,,,,,,,
,,,,,208,B,B,Eder Veliz,Francisca Veronica Rosales Morales,4/01/26,2.Reservado," 492,000.00 "," 24,600.00 ",,,,,,,,,,,,,,,,,,,,,,,,,,,,,,,, -   , -   ,," 1,500.00 "," 1,500.00 ",6%,"-23,100.00 ",-94%," 490,500.00 ",99.70%," 24,600.00 ",Vendido,#NUM!, 16 , 1 , 17 ,," 1,462.50 ",0,#NUM!,#NUM!, -   , -   ," 1,500 ",#NUM!,#NUM!,#NUM!,,,,,,,,,,,,,
,,,,,613,B,B,Eder Veliz,Valery Anthonella Schulz Rosales,12/01/26,2.Reservado," 492,000.00 "," 24,600.00 ",,,,,,,,,,,,,,,,,,,,,,,,,,,,,,,, -   , -   ,," 1,438.39 "," 1,438.39 ",6%,"-23,161.61 ",-94%," 490,561.61 ",99.71%," 24,600.00 ",Vendido,#NUM!, 16 , 1 , 17 ,," 1,462.50 ",0,#NUM!,#NUM!, -   , -   ," 1,438 ",#NUM!,#NUM!,#NUM!,,,,,,,,,,,,,
,,,,,401,B,B,Pablo Marroquín,Faviola Antonia Monroy Lima / Edwin Alfredo Rivera,11/01/26,2.Reservado," 492,000.00 "," 24,600.00 ",,,,,,,,,,,,,,,,,,,,,,,,,,,,,,,, -   , -   ,," 1,405.06 "," 1,405.06 ",6%,"-23,194.94 ",-94%," 490,594.94 ",99.71%," 24,600.00 ",Vendido,#NUM!, 16 , 1 , 17 ,," 1,462.50 ",0,#NUM!,#NUM!, -   , -   ," 1,405 ",#NUM!,#NUM!,#NUM!,,,,,,,,,,,,,
,,,,,101,B,B,Eder Veliz,Karen Arabella Kuri López & Rodrigo Daniel Castillo Morales,17/01/26,2.Reservado," 492,000.00 "," 24,600.00 ",,,,,,,,,,,,,,,,,,,,,,,,,,,,,,,, -   , -   ,," 1,500.00 "," 1,500.00 ",6%,"-23,100.00 ",-94%," 490,500.00 ",99.70%," 24,600.00 ",Vendido,#NUM!, 16 , 1 , 17 ,," 1,462.50 ",0,#NUM!,#NUM!, -   , -   ," 1,500 ",#NUM!,#NUM!,#NUM!,,,,,,,,,,,,,
,,,,,413,B,B,Eder Veliz,Jazmín Esmeralda Estrada Men,11/01/26,2.Reservado," 492,000.00 "," 24,600.00 ",,,,,,,,,,,,,,,,,,,,,,,,,,,,,,,, -   , -   ,," 1,405.06 "," 1,405.06 ",6%,"-23,194.94 ",-94%," 490,594.94 ",99.71%," 24,600.00 ",Vendido,#NUM!, 16 , 1 , 17 ,," 1,462.50 ",0,#NUM!,#NUM!, -   , -   ," 1,405 ",#NUM!,#NUM!,#NUM!,,,,,,,,,,,,,
,,,,,503,B,C,Rony Ramirez,Amy Andrea Vasquez Hernandez,6/01/26,2.Reservado," 492,000.00 "," 24,600.00 ",,,,,,,,,,,,,,,,,,,,,,,,,,,,,,,, -   , -   ,," 1,500.00 "," 1,500.00 ",6%,"-23,100.00 ",-94%," 490,500.00 ",99.70%," 24,600.00 ",Vendido,#NUM!, 16 , 1 , 17 ,," 1,462.50 ",0,#NUM!,#NUM!, -   , -   ," 1,500 ",#NUM!,#NUM!,#NUM!,,,,,,,,,,,,,
,,,,,311,B,C,Rony Ramirez,Lesly Marisol De Leon Villanueva,24/01/26,2.Reservado," 492,000.00 "," 24,600.00 ",,,,,,,,,,,,,,,,,,,,,,,,,,,,,,,, -   , -   ,," 1,500.00 "," 1,500.00 ",6%,"-23,100.00 ",-94%," 490,500.00 ",99.70%," 24,600.00 ",Vendido,#NUM!, 16 , 1 , 17 ,," 1,462.50 ",0,#NUM!,#NUM!, -   , -   ," 1,500 ",#NUM!,#NUM!,#NUM!,,,,,,,,,,,,,
,,,,,203,B,C,Pablo Marroquín,Norma Estela Guzman Yoque,25/01/26,2.Reservado," 492,000.00 "," 24,600.00 ",,,,,,,,,,,,,,,,,,,,,,,,,,,,,,,, -   , -   ,," 1,500.00 "," 1,500.00 ",6%,"-23,100.00 ",-94%," 490,500.00 ",99.70%," 24,600.00 ",Vendido,#NUM!, 16 , 1 , 17 ,," 1,462.50 ",0,#NUM!,#NUM!, -   , -   ," 1,500 ",#NUM!,#NUM!,#NUM!,,,,,,,,,,,,,
,,,,,406,B,B,Rony Ramirez,Mario Alexander Gutierrez Pacheco,20/01/26,2.Reservado," 492,000.00 "," 24,600.00 ",,,,,,,,,,,,,,,,,,,,,,,,,,,,,,,, -   , -   ,," 1,500.00 "," 1,500.00 ",6%,"-23,100.00 ",-94%," 490,500.00 ",99.70%," 24,600.00 ",Vendido,#NUM!, 16 , 1 , 17 ,," 1,462.50 ",0,#NUM!,#NUM!, -   , -   ," 1,500 ",#NUM!,#NUM!,#NUM!,,,,,,,,,,,,,
,,,,,612,B,B,Pablo Marroqin,Linda Esmeralda Molina Najarro / Diego Mauricio Hernández Alveño,16/01/26,2.Reservado," 492,000.00 "," 24,600.00 ",,,,,,,,,,,,,,,,,,,,,,,,,,,,,,,, -   , -   ,," 1,500.00 "," 1,500.00 ",6%,"-23,100.00 ",-94%," 490,500.00 ",99.70%," 24,600.00 ",Vendido,#NUM!, 16 , 1 , 17 ,," 1,462.50 ",0,#NUM!,#NUM!, -   , -   ," 1,500 ",#NUM!,#NUM!,#NUM!,,,,,,,,,,,,,
,,,,,606,B,B,Rony Ramirez,Oscar Alexander Velasquez Tiu,17/01/26,2.Reservado," 492,000.00 "," 24,600.00 ",,,,,,,,,,,,,,,,,,,,,,,,,,,,,,,, -   , -   ,," 1,500.00 "," 1,500.00 ",6%,"-23,100.00 ",-94%," 490,500.00 ",99.70%," 24,600.00 ",Vendido,#NUM!, 16 , 1 , 17 ,," 1,462.50 ",0,#NUM!,#NUM!, -   , -   ," 1,500 ",#NUM!,#NUM!,#NUM!,,,,,,,,,,,,,
,,,,,408,B,B,Rony Ramirez,Oscar Misael De Jesus Santos Borrayo,19/01/26,2.Reservado," 492,000.00 "," 24,600.00 ",,,,,,,,,,,,,,,,,,,,,,,,,,,,,,,, -   , -   ,," 1,395.00 "," 1,395.00 ",6%,"-23,205.00 ",-94%," 490,605.00 ",99.72%," 24,600.00 ",Vendido,#NUM!, 16 , 1 , 17 ,," 1,462.50 ",0,#NUM!,#NUM!, -   , -   ," 1,395 ",#NUM!,#NUM!,#NUM!,,,,,,,,,,,,,
,,,,,206,B,B,Efren Sanchez,Jorge Pablo Pérez De León,4/01/26,2.Reservado," 492,000.00 "," 24,600.00 ",,,,,,,,,,,,,,,,,,,,,,,,,,,,,,,, -   , -   ,," 1,500.00 "," 1,500.00 ",6%,"-23,100.00 ",-94%," 490,500.00 ",99.70%," 24,600.00 ",Vendido,#NUM!, 16 , 1 , 17 ,," 1,462.50 ",0,#NUM!,#NUM!, -   , -   ," 1,500 ",#NUM!,#NUM!,#NUM!,,,,,,,,,,,,,
,,,,,304,B,C,Daniel Veliz,Daniel Alberto Vargas Del Cid,13/12/25,2.Reservado," 492,000.00 "," 24,600.00 ",,,,,,,,,,,,,,,,,,,,,,,,,,,,,,,, -   , -   ," 1,500.00 "," 1,500.00 "," 3,000.00 ",12%,"-21,600.00 ",-88%," 489,000.00 ",99.39%," 24,600.00 ",Vendido,#NUM!, 16 , 1 , 17 ,," 1,462.50 ",0,#NUM!,#NUM!, -   , -   ," 3,000 ",#NUM!,#NUM!,#NUM!,,,,,,,,,,,,,
203-C,,,,,203,C,,Daniel Veliz,FRANCISCO ALBERTO GARCIA PALENCIA,30/11/25,2.Reservado," 492,000.00 "," 24,600.00 ",,,,,,,,,,,,,,,,,,,,,,,,,,,,,,,, -   , 200.00 ,,, 200.00 ,1%,"-24,400.00 ",-99%," 491,800.00 ",99.96%," 24,600.00 ",Vendido,#NUM!, 16 , 1 , 17 ,," 1,462.50 ",0,#NUM!,#NUM!, -   , -   , 200 ,#NUM!,#NUM!,#NUM!,,,,,,,,,,,,,
404-C,,,,,404,B,,Efren Sanchez,José Luis García Macal,30/11/25,"2,Reservado"," 492,000.00 "," 24,600.00 ",,,,,,,,,,,,,,,,,,,,,,,,,,,,,,,, -   ," 1,500.00 ",," 1,359.53 "," 2,859.53 ",12%,"-21,740.47 ",-88%," 489,140.47 ",99.42%," 24,600.00 ",Vendido,#NUM!, 16 , 1 , 17 ,," 1,462.50 ",0,#NUM!,#NUM!, -   , -   ," 2,860 ",#NUM!,#NUM!,#NUM!,,,,,,,,,,,,,
,,,,,,,,,,,," Q80,300,100.00 "," Q4,256,590.00 ", -   , -   , -   , -   , -   , -   , -   ," 1,925 "," 7,220 "," 9,664 "," 17,519 "," 18,695 "," 23,361 "," 29,435 "," 36,493 "," 30,186 "," 39,940 "," 37,412 "," 41,059 "," 43,510 "," 43,039 "," 50,917 "," 40,424 "," 49,260 "," 49,860 "," 53,267 "," 61,436 "," 67,379 "," 101,166 "," 103,609 "," 108,233 "," 110,917 "," 46,880 "," 139,020 "," 121,227 "," 1,478,045 ",106%,"-Q1,026,516.15 ",," Q39,084,026.15 ",," Q2,306,690.00 ",,,,,,,,,,#NUM!," 440,747 "," 309,755 "," 528,172 ",#NUM!,#NUM!,,,,,,,,,,,,,,
,,,,,,,,,,,FLUJO INGRESADO (DESISTIMIENTOS),,, -   , -   , -   , -   , -   , -   , -   ," 3,323 "," 2,823 "," 5,551 "," 6,860 "," 4,310 "," 13,297 "," 12,666 "," 8,869 "," 1,045 "," 13,187 "," 7,687 "," 9,369 "," 7,192 "," 4,845 "," 7,997 "," 1,050 "," 3,050 "," 1,045 "," 11,045 "," 10,550 ", -   , 400 ," 16,677 ", 300 ," 1,500 "," 1,500 ", -   , -   ," 156,138 ",,,,,,,,,,,,,,,,,,,,, -   ,Cuotas no canceladas F&F,,,,,,,,,,,,,
,,,,,,,,,,,TOTAL FUJO RECIBIDO MENSUALMENTE,,, -   , -   , -   , -   , -   , -   , -   ," 5,248 "," 10,043 "," 15,214 "," 24,379 "," 23,005 "," 36,658 "," 42,102 "," 45,362 "," 31,231 "," 53,126 "," 45,099 "," 50,428 "," 50,703 "," 47,884 "," 58,914 "," 41,474 "," 52,310 "," 50,905 "," 64,312 "," 71,986 "," 67,379 "," 101,566 "," 120,286 "," 108,533 "," 112,417 "," 48,380 "," 139,020 "," 121,227 "," 1,634,182 ",,,,,,,,,,,,,,,,,,,,,,,,,,,,,,,,,,,
,,,,,,,,,,,FLUJO ESTIMADO SEGÚN PPTO,,," 1,000 "," 1,095 "," 1,095 "," 1,095 "," 1,095 "," 1,095 "," 1,095 "," 1,595 "," 10,000 "," 17,886 "," 22,344 "," 23,844 "," 26,434 "," 34,874 "," 37,921 "," 38,469 "," 41,213 "," 41,360 "," 43,823 "," 45,316 "," 45,809 "," 48,609 "," 47,422 "," 47,497 "," 48,559 "," 55,053 "," 100,567 "," 70,658 "," 105,339 "," 80,461 "," 76,303 "," 69,920 "," 77,553 "," 69,509 "," 53,392 "," 1,389,301 ",100%,,,,,,,,61,,,,,,,,,,,,#NUM!,Cuotas de clientes en mora,,,,,,,,,,,,,
,,,,,,,,,,,DIFERENCIAS POR MES,,,"-1,000 ","-1,095 ","-1,095 ","-1,095 ","-1,095 ","-1,095 ","-1,095 "," 3,653 ", 43 ,"-2,672 "," 2,036 ",-839 ," 10,223 "," 7,228 "," 7,441 ","-7,238 "," 11,913 "," 3,739 "," 6,605 "," 5,387 "," 2,075 "," 10,305 ","-5,947 "," 4,813 "," 2,346 "," 9,260 ","-28,581 ","-3,280 ","-3,773 "," 39,825 "," 32,231 "," 42,496 ","-29,173 "," 69,511 "," 67,835 "," 88,744 ",-6%,,,,,,,,16,,,,,,,,,,,,,,,,,,,,,,,,,,
,,,,,,,,,,,,,,,,,,,,,,,,,,,,,,,,,,,,,,,,,,,,,,,,,,,,,,,,,,0,,,,,,,,,,,,"21,658,000.00",Promesas / Ventas Efectuadas,,,,,,,,,,,,,
,,,,,,,,,,,,,,,,,,,,,,,,,,,,,,,,,,,,,,,,,100%,100%,100%,100%,100%,,,,,,,,,,,,,,,,,,,,,,,,,,,,,,,,,,,,,,,
,,,,,,,,,,,,,,,,,,,,,,,,,,,,,,,,,,,,,,,,,95%,96%,149%,142%,161%,,,,,,,,,,,,,,,,,,,,,,,,,#NUM!,,,,,,,,,,,,,,
,,,,,,,,,,,,,,,,,,,,,,,,,,,,,,,,,,,,,,,,,,,,,,,,,,,,,,,,,,,,,,,,,,,,,,,,,,,,,,,,,,,,
,,,,,,,,,,,,,,,,,,,,,,,,,,,,,,,,,,,,,,,,,,,,,,,,,,,,,,,,,,,,,,,,,,,,,,,,,,,,,,,,,,,,
,,,,,Desistimiento,,,,,,,,,,,,,,,,,,,,,,,,,,,,,,,,,,,,,,,,,,,,,,,,,,,,,,,,,,,,,,,,,,,,,,,,,,,,,,,
,,,,,APTO,MODELO,TORRE,VENDOR,CLIENTE,FECHA,TIPO, P. VENTA , REC. NO. ,,,,,,,,,,,,,,,,,,,,,,,,,,,,,,,,,,,,,,,,,,,,,,,,,,,,,,,,,,,,,,,,,,,,,,,
,,,,,105,TB,B,Abigail Garcia,Belia Ester Velasquez Castillo,28/11/23,4.Plan de pagos," 477,700.00 "," 23,900.00 ", -   , -   , -   , -   , -   , -   , -   , -   , 500.00 ," 2,227.27 "," 2,227.27 ", -   ," 2,227.27 "," 2,227.27 ", -   , -   , -   , -   , -   , -   , 300.00 , 500.00 , -   , -   , -   , -   ,,,,,,,,,," 10,209.08 ",,,,,,,,,,,,,,,,,,,,,,,,,,,,,,,,,,,
,,,,,108,TB,B,Karina Fuentes,Indira Marisela Lopez Gomez,13/08/24,4.Plan de pagos," 494,900.00 "," 49,500.00 ", -   , -   , -   , -   , -   , -   , -   , -   , -   ," 1,000.00 "," 2,309.52 "," 2,309.52 "," 2,309.52 "," 2,309.52 ", -   , -   , -   ," 1,500.00 ", -   , -   ," 1,500.00 ", -   , -   , -   , -   , -   ,,,,,,,,,," 13,238.08 ",,,,,,,,,,,,,,,,,,,,,,,,,,,,,,,,,,,
,,,,,111,TB,C,Efren Sanchez,María Reneé Yela Ochoa,26/02/25,2.Reservado," 477,000.00 "," 24,000.00 ", -   , -   , -   , -   , -   , -   , -   , -   , -   , -   , -   , -   , -   , -   , -   , -   , -   , -   , -   , -   , -   , -   , -   , 500.00 , -   , -   ,,,,,,,,,, 500.00 ,,,,,,,,,,,,,,,,,,,,,,,,,,,,,,,,,,,
,,,,,112,TB,B,Abigail Garcia,Edgar Giovanni Palomo Robles,21/03/24,4.Plan de pagos," 477,700.00 "," 24,000.00 ", -   , -   , -   , -   , -   , -   , -   , -   , -   , -   , -   , -   ," 1,000.00 ", -   , -   , -   , -   , -   , -   , -   , -   , -   , -   , -   , -   , -   ,,,,,,,,,," 1,000.00 ",,,,,,,,,,,,,,,,,,,,,,,,,,,,,,,,,,,
,,,,,113,TB,B,Abigail Garcia,Keneth David Palomo Lopez,21/03/24,4.Plan de pagos," 477,700.00 "," 24,000.00 ", -   , -   , -   , -   , -   , -   , -   , -   , -   , -   , -   , -   ," 1,000.00 ", -   , -   , -   , -   , -   , -   , -   , -   , -   , -   , -   , -   , -   ,,,,,,,,,," 1,000.00 ",,,,,,,,,,,,,,,,,,,,,,,,,,,,,,,,,,,
,,,,,212,TB,B,Antonio Rada,Reina Elizabet Sandoval Perez,4/09/24,2.Reservado," 507,200.00 "," 50,720.00 ", -   , -   , -   , -   , -   , -   , -   , -   , -   , -   , -   , -   , -   , -   , -   , -   , -   , -   , 500.00 , -   , -   , -   , -   , -   , -   , -   ,,,,,,,,,, 500.00 ,,,,,,,,,,,,,,,,,,,,,,,,,,,,,,,,,,,
,,,,,501,TB,B,Efren Sanchez,Carlos Humberto Joel Alvizures Carmona,30/08/24,2.Reservado," 507,200.00 "," 50,720.00 ", -   , -   , -   , -   , -   , -   , -   , -   , -   , -   , -   , -   , -   , -   , -   , -   , -   , 300.00 ," 1,500.00 ", -   , -   , -   , -   , -   , -   , -   ,,,,,,,,,," 1,800.00 ",,,,,,,,,,,,,,,,,,,,,,,,,,,,,,,,,,,
,,,,,209,TB,B,,Maria Cecilia Reyna Barrera,18/05/24,," 477,700.00 "," 24,000.00 ", -   , -   , -   , -   , -   , -   , -   , -   , -   , -   , -   , -   , -   , -   , -   , -   , -   , -   , -   , -   , -   , -   , -   ," 1,500.00 ", -   ,,,,,,,,,,," 1,500.00 ",,,,,,,,,,,,,,,,,,,,,,,,,,,,,,,,,,,
,,,,,104,TB,C,Karina Fuentes,Brayan Eduardo Sosa Canto,31/10/23,4.Plan de pagos," 497,900.00 "," 49,800.00 ", -   , -   , -   , -   , -   , -   , -   ," 3,323.33 "," 2,323.33 "," 2,323.33 "," 2,323.33 ", -   ," 2,323.33 "," 4,646.66 "," 2,323.33 ", -   ," 4,646.66 "," 2,323.33 ", -   ," 2,323.33 ", -   ," 4,646.66 ", -   , -   , -   ,,,,,,,,,,," 33,526.62 ",,,,,,,,,,,,,,,,,,,,,,,,,,,,,,,,,,,
,,,,,510,B,C,Eder Veliz,Baudilio Santos Galicia,6/05/25,Reservado," 507,200.00 "," 50,720.00 ", -   , -   , -   , -   , -   , -   , -   , -   , -   , -   , -   , -   , -   , -   , -   , -   , -   , -   , -   , -   , -   , -   , -   , -   , -   ,," 1,500.00 ",,,,,,,,," 1,500.00 ",,,,,,,,,,,,,,,,,,,,,,,,,,,,,,,,,,,
,,,,,601,TB,B,,,,1.Disponible," 477,700.00 "," 33,439.00 ",,,,,,,,,,,,," 1,000.00 ",,,,,,,,,,,,,,,,,,,,,,," 1,000.00 ",,,,,,,,,,,,,,,,,,,,,,,,,,,,,,,,,,,
,,,,,605,B,B,Luis Esteban,Christhofer Steven Guevara,30/05/24,4.Plan de pagos," 477,700.00 "," 23,900.00 ", -   , -   , -   , -   , -   , -   , -   , -   , -   , -   , -   , -   , -   , -   ," 1,500.00 ", -   ," 2,000.00 ", -   , -   , -   , -   , -   , -   , -   , -   ,,,,,,,,,,," 3,500.00 ",,,,,,,,,,,,,,,,,,,,,,,,,,,,,,,,,,,
,,,,,608,B,B,Luis Esteban,Gerson Augusto Estrada Oliva,4/07/24,4.Plan de pagos," 477,700.00 "," 23,900.00 ", -   , -   , -   , -   , -   , -   , -   , -   , -   , -   , -   , -   , -   , -   , -   , -   ," 1,500.00 "," 1,200.00 ", -   , -   , -   , -   , -   , -   , -   ,,,,,,,,,,," 2,700.00 ",,,,,,,,,,,,,,,,,,,,,,,,,,,,,,,,,,,
,,,,,604,TB,C,Abigail Garcia,Pedro Alejandro Tezen Cabrera,17/02/24,4.Plan de pagos," 477,700.00 "," 24,000.00 ", -   , -   , -   , -   , -   , -   , -   , -   , -   , -   , -   ," 1,000.00 ", -   ," 1,046.00 "," 1,046.00 "," 1,045.00 "," 1,040.00 "," 1,040.00 "," 1,045.00 "," 1,045.45 "," 1,045.00 "," 1,050.00 "," 1,050.00 "," 1,050.00 "," 1,045.00 "," 1,045.00 "," 1,050.00 ",,,,,,,,," 15,642.45 ",,,,,,,,,,,,,,,,,,,,,,,,,,,,,,,,,,,
,,,,,209,TB,B,,Laura Sofia Caballeros González,13/07/25,1.Disponible," 477,700.00 "," 24,000.00 ", -   , -   , -   , -   , -   , -   , -   , -   , -   , -   , -   , -   , -   , -   , -   , -   , -   , -   , -   , -   , -   , -   , -   ,, -   ,,,, 400.00 ,,,,,,, 400.00 ,,,,,,,,,,,,,,,,,,,,,,,,RESCINDIDO JULIO 2025,,,,,,,,,,,
,,,,,108,TB,B,Karina Fuentes,Soluciones A Su Alcance,23/12/24,4.Plan de pagos," 477,700.00 "," 95,600.00 ", -   , -   , -   , -   , -   , -   , -   , -   , -   , -   , -   , -   , -   , -   , -   , -   , -   , -   , -   , -   ," 1,500.00 ", -   , -   , -   , -   ,,,,,,,,,,," 1,500.00 ",,,,,,,,,,,,,,,,,,,,,,,,RESCINDIDO JULIO 2025,,,,,,,,,,,
,,,,,412,TB,B,Andrea Gonzalez,Nercy Jannyn Pérez Alonzo,31/07/24,4.Plan de pagos," 477,700.00 "," 24,000.00 ", -   , -   , -   , -   , -   , -   , -   , -   , -   , -   , -   , -   , -   , -   , -   , -   ," 1,500.00 "," 1,323.53 "," 1,323.53 "," 1,323.53 ", -   , -   , -   , -   , -   ,,,,,,,,,,," 5,470.59 ",,,,,,,,,,,,,,,,,,,,,,,,RESCINDIDO JULIO 2025,,,,,,,,,,,
,B-403,,,,402,A,C,Efren Sanchez,Hector Samuel Tum Lancerio Y Ingrid Fabiola Gonzalez Godinez,29/11/24,4.Plan de pagos," 477,000.00 "," 23,900.00 ", -   , -   , -   , -   , -   , -   , -   , -   , -   , -   , -   , -   , -   , -   ," 1,500.00 ", -   , -   , -   , -   , -   , 500.00 ," 1,800.00 ", -   , -   , -   ,,,,,,,,,,," 3,800.00 ",,,,,,,,,,,,,,,,,,,,,,,,RESCINDIDO JULIO 2025,,,,,,,,,,,
,,,,,213,TB,B,Abigail Garcia,Edgar Giovanni Palomo Robles,21/03/24,4.Plan de pagos," 477,700.00 "," 24,000.00 ", -   , -   , -   , -   , -   , -   , -   , -   , -   , -   , -   , -   ," 1,000.00 ", -   , -   , -   , -   , -   , -   , -   , -   , -   , -   , -   , -   ,,,,,,,,,,," 1,000.00 ",,,,,,,,,,,,,,,,,,,,,,,,RESCINDIDO AGOSTO 2025,,,,,,,,,,,
111-B,,,,,111,B,C,Pablo Marroquin,IRENE MAGALY GARCIA CORONADO,6/08/25,2.Reservado," 487,000.00 "," 24,000.00 ", -   , -   , -   , -   , -   , -   , -   , -   , -   , -   , -   , -   , -   , -   , -   , -   , -   , -   , -   , -   , -   , -   , -   , -   , -   , -   , -   , -   , -   , 750.00 , -   , -   , -   ,,, 750.00 ,,,,,,,,,,,,,,,,,,,,,,,,,,,,,,,,,,,
603-B,,,,,602,A,C,Abigail Garcia,David Obdulio Perez Monzon,27/11/23,4.Plan de pagos," 497,900.00 "," 49,800.00 ", -   , -   , -   , -   , -   , -   , -   , -   , -   , -   , -   ," 1,000.00 "," 2,436.84 "," 2,437.00 "," 2,500.00 ", -   ," 2,500.00 ", -   ," 5,000.00 "," 2,500.00 ", -   , -   , -   , -   , -   ," 10,000.00 "," 8,000.00 ",,," 12,927.00 ", -   , -   , -   ,,," 49,300.84 ",,,,,,,,,,,,,,,,,,,,,,,,,,,,,,,,,,,
310-C,,,,,,,,,Wendy Yohana Pacheco Morales / Nuevo Steven Adolfo Paredes Cabrera/Milca Sarai Barrieos Ixcoy,20/10/25,2.Reservado," 492,700.00 "," 24,700.00 ",,,,,,,,,,,,,,,,,,,,,,,,,,,,,,,," 1,500.00 ",,,," 1,500.00 ",,,,,,,,,,,,,,,,,,,,,,,,,,,,,,,,,,,
301-C,,,,,,,,Eder Veliz,Roger Jose Castañeda Pineda & Sthephanie Dessire Chacon Mejia,13/09/25,4.Plan de pagos," 492,700.00 "," 24,700.00 ",,,,,,,,,,,,,,,,,,,,,,,,,,,,,,, 300.00 , -   , -   ,,, 300.00 ,,,,,,,,,,,,,,,,,,,,,,,,,,,,,,,,,,,
403-B,,,,,403,B,,Pablo Marroquin,HANS ANTONI STRAUBE IZZEPI,24/08/25,4.Plan de pagos," 492,000.00 "," 24,600.00 ",,,,,,,,,,,,,,,,,,,,,,,,,,,,,," 1,500.00 ", -   , -   , -   ,,," 1,500.00 ",,,,,,,,,,,,,,,,,,,,,,,,,,,,,,,,,,,
310-C,,,,,310,B,,Pablo Marroquin,Luvia Waleska Revolorio Morales,23/11/25,2.Reservado," 497,000.00 "," 24,900.00 ",,,,,,,,,,,,,,,,,,,,,,,,,,,,,,,,," 1,500.00 ",,," 1,500.00 ",,,,,,,,,,,,,,,,,,,,,,,,,,,,,,,,,,,
605-B,B-410,,,,605,B,B,Paula Hernández,Héctor Emmanuel Olivares López  ,17/08/25,4.Plan de pagos," 492,700.00 "," 24,700.00 ",,,,,,,,,,,,,,,,,,,,,,,,,,, -   , -   ,," 1,500.00 ", -   , -   , -   ,,," 1,500.00 ",,,,,,,,,,,,,,,,,,,,,,,,,,,,,,,,,,,
308-TC-MC,,,,,308,C,C,Rony Ramirez,Kevin Adilson Suret Suret,14/11/25,2.Reservado," 492,000.00 "," 24,600.00 ",,,,,,,,,,,,,,,,,,,,,,,,,,,,,,,,,,,, -   ,,,,,,,,,,,,,,,,,,,,,,,,,,,,,,,,,,,
,,,,,,,,,,,,,,,,,,,,,,,,,,,,,,,,,,,,,,,,,,,,,,,,, -   ,,,,,,,,,,,,,,,,,,,,,,,,,,,,,,,,,,,
,,,,,,,,,,,,,,,,,,,,,,,,,,,,,,,,,,,,,,,,,,,,,,,,, -   ,,,,,,,,,,,,,,,,,,,,,,,,,,,,,,,,,,,
,,,,,,,,,,,,,, Q-   , Q-   , Q-   , Q-   , Q-   , Q-   , Q-   ," Q3,323.33 "," Q2,823.33 "," Q5,550.60 "," Q6,860.12 "," Q4,309.52 "," Q13,296.96 "," Q12,666.45 "," Q8,869.33 "," Q1,045.00 "," Q13,186.66 "," Q7,686.86 "," Q9,368.53 "," Q7,192.31 "," Q4,845.00 "," Q7,996.66 "," Q1,050.00 "," Q3,050.00 "," Q1,045.00 "," Q11,045.00 "," Q10,550.00 ", Q-   , Q400.00 ," Q16,677.00 ", Q300.00 ," Q1,500.00 "," Q1,500.00 ", Q-   , Q-   ," Q156,137.66 ",,,,,,,,,,,,,,,,,,,,,,,,,,,,,,,,,,,
,,,,,,,,,,,,,,,,,,,,,,,,,,,,,,,,,,,,,,,,,,,,,,,,,,,,,,,,,,,,,,,,,,,,,,,,,,,,,,,,,,,,
,,,,,,,,,,,,,,,,,,,,,,,,,,,,,,,,,,,,,,,,,,,,,,,,,,,,,,,,,,,,,,,,,,,,,,,,,,,,,,,,,,,,
,,,,,,,,,,,,,,,,,,,,,,,,,,,,,,,,,,,,,,,,,,,,,,,,,,,,,,,,,,,,,,,,,,,,,,,,,,,,,,,,,,,,
,,,,,,,,,,,,,,,,,,,,,,,,,,,,,,,,,,,,,,,,,,,,,,,,,,,,,,,,,,,,,,,,,,,,,,,,,,,,,,,,,,,,
,,,,,,,,,,,,,,,,,,,,,,,,,,,,,,,,,,,,,,,,,,,,,,,,,,,,,,,,,,,,,,,,,,,,,,,,,,,,,,,,,,,,
,,,,,,,,,,,,,,,,,,,,,,,,,,,,,,,,,,,,,,,,,,,,,,,,,,,,,,,,,,,,,,,,,,,,,,,,,,,,,,,,,,,,
,,,,,DESISTIMIENTOS UBICADOS Y NO RASTREADOS POR 180 GRADOS,,,,,,,,,,,,,,,,,,,,,,,,,,,,,,,,,,,,,,,,,,,,,,,,,,,,,,,,,,,,,,,,,,,,,,,,,,,,,,,
,,,,,APTO,MODELO,TORRE,VENDOR,CLIENTE,FECHA,FECHA DEP., P. VENTA , REC. NO. ,,,,,,,,,,,,,,,,,,,,,,,,,,,,,,,,,,,,,,,,,,,,,,,,,,,,,,,,,,,,,,,,,,,,,,,
,,,,,101,,,Karina Fuentes,Domingo Ajpop Chij,20/11/2023,20/11/2023," 494,900.00 ",22,,,,,,,,,,,,,,,,,,,,,,,,,,,,,,,,,,,,,,,,,,,,,,,,,,,,,,,,,,,,,,,,,,,,,,,
,,,,,102,,,Abigail García, Jacqueline Stefany Luna Lopez,10/12/2023,10/12/2023," 494,900.00 ",32,,,,,,,,,,,,,,,,,,,,,,,,,,,,,,,,,,,,,,,,,,,,,,,,,,,,,,,,,,,,,,,,,,,,,,,
,,,,,102,,,Abigail García,Alejandro Eleazar Orozco Sique,05/05/2024,05/05/2024," 477,700.00 ",118,,,,,,,,,,,,,,,,,,,,,,,,,,,,,,,,,,,,,,,,,,,,,,,,,,,,,,,,,,,,,,,,,,,,,,,
,,,,,103,,,Abigail García,Carlos Enrique Sandoval Escobar,01/02/2024,01/02/2024," 477,000.00 ",53,,,,,,,,,,,,,,,,,,,,,,,,,,,,,,,,,,,,,,,,,,,,,,,,,,,,,,,,,,,,,,,,,,,,,,,
,,,,,106,,,Karina Fuentes,Junior Alexes ammanuel Coronado Barrios,19/11/2023,20/11/2023," 494,900.00 ",23,,,,,,,,,,,,,,,,,,,,,,,,,,,,,,,,,,,,,,,,,,,,,,,,,,,,,,,,,,,,,,,,,,,,,,,
,,,,,108,,,Efren Sanchez,Berenice Gomez y Gary Yoc,13/08/2024,13/08/2024," 477,700.00 ",221,,,,,,,,,,,,,,,,,,,,,,,,,,,,,,,,,,,,,,,,,,,,,,,,,,,,,,,,,,,,,,,,,,,,,,,
,,,,,111,,,Abigail García,Edgar Giovanni Palomo Robles,21/03/2024,21/03/2024," 477,000.00 ",78,,,,,,,,,,,,,,,,,,,,,,,,,,,,,,,,,,,,,,,,,,,,,,,,,,,,,,,,,,,,,,,,,,,,,,,
,,,,,209,,,Abigail García,Maria Cecilia Reyna Barrera,18/05/2024,18/05/2024," 477,700.00 ",133,,,,,,,,,,,,,,,,,,,,,,,,,,,,,,,,,,,,,,,,,,,,,,,,,,,,,,,,,,,,,,,,,,,,,,,
,,,,,303,,,Karina Fuentes,Jefte Alexander Gomez Rodas,16/12/2023,No ingreso el deposito," 497,900.00 ",36,,,,,,,,,,,,,,,,,,,,,,,,,,,,,,,,,,,,,,,,,,,,,,,,,,,,,,,,,,,,,,,,,,,,,,,
,,,,,308,,,Alejandra Calderon,Helen Ixen ,06/08/2023,06/08/2023," 494,800.00 ",4,,,,,,,,,,,,,,,,,,,,,,,,,,,,,,,,,,,,,,,,,,,,,,,,,,,,,,,,,,,,,,,,,,,,,,,
,,,,,403,,,Karina Fuentes,Anibal Poitan,21/02/2024,21/02/2024," 477,000.00 ",63,,,,,,,,,,,,,,,,,,,,,,,,,,,,,,,,,,,,,,,,,,,,,,,,,,,,,,,,,,,,,,,,,,,,,,,
,,,,,403,,,Antonio Rada,Ana Cristina Velasquez,22/05/2024,22/05/2024," 477,000.00 ",140,,,,,,,,,,,,,,,,,,,,,,,,,,,,,,,,,,,,,,,,,,,,,,,,,,,,,,,,,,,,,,,,,,,,,,,
,,,,,404,,,Abigail García,Harvey Daniel Martinez Palencia ,23/12/2023,23/12/2023," 497,900.00 ",38,,,,,,,,,,,,,,,,,,,,,,,,,,,,,,,,,,,,,,,,,,,,,,,,,,,,,,,,,,,,,,,,,,,,,,,
,,,,,501,,,Efren Sanchez,Hansel Adriel Juarez Chian ,30/08/2024,30/08/2024," 477,000.00 ",236,,,,,,,,,,,,,,,,,,,,,,,,,,,,,,,,,,,,,,,,,,,,,,,,,,,,,,,,,,,,,,,,,,,,,,,
,,,,,601,,,Abigail García,Carla Yanira Castillo,17/03/2024,17/03/2024," 477,700.00 ",75,,,,,,,,,,,,,,,,,,,,,,,,,,,,,,,,,,,,,,,,,,,,,,,,,,,,,,,,,,,,,,,,,,,,,,,
,,,,,604,TB,C,Abigail Garcia,Pedro Alejandro Tezen Cabrera,17/02/2024,4.Plan de pagos," 477,700.00 ",24000, -   , -   , -   , -   , -   , -   , -   , -   , -   , -   , -   ," 1,000.00 ", -   ," 1,046.00 "," 1,046.00 "," 1,045.00 "," 1,040.00 "," 1,040.00 "," 1,045.00 "," 1,045.45 "," 1,045.00 "," 1,050.00 "," 1,050.00 "," 1,050.00 "," 1,045.00 "," 1,045.00 "," 1,050.00 ",,,,,,,,," 15,642.45 ",,,,,,,,,,,,,,,,,,,,,,,,,,,,,,,,,,,
,,,,,,,,,,,,,,,,,,,,,,,,,,,,,,,,,,,,,,,,,,,,,,,,,,,,,,,,,,,,,,,,,,,,,,,,,,,,,,,,,,,,
,,,,,,,,,,,,,,,,,,,,,,,,,,,,,,,,,,,,,,,,,,,,,,,,,,,,,,,,,,,,,,,,,,,,,,,,,,,,,,,,,,,,
,,,,,,,,,,,,,,,,,,,,,,,,,,,,,,,,,,,,,,,,,,,,,,,,,,,,,,,,,,,,,,,,,,,,,,,,,,,,,,,,,,,,
,,,,,,,,,NOTA:,,,,,,,,,,,,,,,,,,,,,,,,,,,,,,,,,,,,,,,,,,,,,,,,,,,,,,,,,,,,,,,,,,,,,,,,,,,
,,,,,,,,,Identificar fondos retenidos,,,,,,,,,,,,,,,,,,,,,,,,,,,,,,,,,,,,,,,,,,,,,,,,,,,,,,,,,,,,,,,,,,,,,,,,,,,